rev_id,timestamp,user_class,registration,editcount,reverted
1377649377,1790762394,registered,2023-02-12T14:34:45Z,24300,0
1377649380,1790762397,registered,2021-07-31T07:41:48Z,13834,0
1377649383,1790762399,registered,2006-08-01T16:46:05Z,210318,0
1377649384,1790762398,registered,2006-08-01T16:46:05Z,210318,0
1377649386,1790762399,registered,2006-08-01T16:46:05Z,210318,0
1377649387,1790762400,registered,2004-05-02T20:34:16Z,1745094,0
1377649389,1790762401,registered,2024-01-29T15:30:40Z,2755,1
1377649391,1790762400,registered,2026-09-05T12:55:29Z,131,0
1377649396,1790762404,registered,2025-04-09T13:43:10Z,883,0
1377649397,1790762404,registered,2004-11-06T08:19:21Z,86721,0
1377649399,1790762407,registered,2021-04-03T16:17:55Z,36184,0
1377649401,1790762407,registered,2008-08-28T06:01:50Z,120096,0
1377649402,1790762408,registered,2025-04-20T14:44:46Z,478,0
1377649403,1790762408,registered,2013-02-17T05:04:54Z,2336,0
1377649405,1790762409,registered,2024-09-21T09:51:01Z,7820,0
1377649407,1790762401,registered,2007-07-05T20:40:43Z,343643,0
1377649408,1790762411,registered,2024-01-29T15:30:40Z,2755,0
1377649409,1790762410,temporary,,,0
1377649412,1790762411,registered,2016-01-01T20:40:25Z,281820,0
1377649414,1790762413,registered,2021-06-01T20:41:52Z,6223,0
1377649416,1790762414,registered,2023-05-17T18:43:07Z,2071,0
1377649418,1790762414,bot,,,0
1377649421,1790762419,registered,2016-03-20T11:58:45Z,3260,0
1377649424,1790762420,registered,2013-02-17T05:04:54Z,2336,0
1377649426,1790762421,registered,2025-01-21T11:08:54Z,2118,0
1377649427,1790762422,registered,2021-04-03T16:17:55Z,36184,0
1377649431,1790762424,registered,2023-03-09T21:36:50Z,2287,0
1377649432,1790762424,registered,2006-02-16T00:19:09Z,98702,0
1377649433,1790762422,registered,2006-02-13T01:12:55Z,171320,0
1377649434,1790762425,registered,2006-12-08T09:22:01Z,106933,0
1377649438,1790762426,temporary,,,0
1377649442,1790762428,registered,2004-02-13T15:50:21Z,240030,0
1377649443,1790762428,temporary,,,1
1377649445,1790762429,registered,2024-01-28T08:30:37Z,23048,0
1377649446,1790762428,registered,2026-08-14T09:42:32Z,891,1
1377649448,1790762429,temporary,,,0
1377649449,1790762431,registered,2023-08-10T10:37:08Z,157,0
1377649450,1790762432,registered,2013-02-17T05:04:54Z,2336,0
1377649452,1790762432,registered,2017-05-19T20:03:05Z,75315,0
1377649453,1790762434,registered,2001-11-04T19:04:08Z,268472,0
1377649454,1790762435,registered,2026-07-08T06:28:06Z,1567,0
1377649457,1790762435,registered,2022-12-02T16:08:07Z,6499,0
1377649458,1790762435,temporary,,,0
1377649459,1790762436,registered,2021-08-27T22:48:02Z,237,0
1377649460,1790762437,registered,2007-10-10T22:07:40Z,8482,0
1377649465,1790762440,registered,2012-10-16T11:27:52Z,17325,0
1377649467,1790762441,registered,2017-09-02T17:50:34Z,167,0
1377649469,1790762442,registered,2005-10-18T11:13:40Z,21759,0
1377649470,1790762442,registered,2024-01-25T07:31:25Z,5425,0
1377649471,1790762442,registered,2023-04-18T07:05:16Z,5,0
1377649474,1790762443,temporary,,,0
1377649475,1790762444,registered,2026-02-22T11:46:35Z,473,0
1377649476,1790762444,registered,2013-02-17T05:04:54Z,2336,0
1377649479,1790762446,temporary,,,0
1377649481,1790762447,registered,2024-01-29T15:30:40Z,2755,0
1377649482,1790762448,temporary,,,0
1377649484,1790762450,registered,2008-08-28T06:01:50Z,120096,0
1377649485,1790762450,registered,2022-08-21T00:58:10Z,2486,0
1377649489,1790762454,registered,2026-04-14T18:25:02Z,1331,0
1377649491,1790762454,registered,2024-11-20T11:33:30Z,9807,0
1377649492,1790762453,registered,2022-03-19T04:05:18Z,7217,0
1377649493,1790762455,registered,2025-07-09T06:46:26Z,30113,0
1377649494,1790762455,temporary,,,0
1377649495,1790762454,temporary,,,1
1377649497,1790762458,registered,2013-10-18T11:03:06Z,95942,0
1377649498,1790762458,registered,2016-08-05T01:02:00Z,28915,0
1377649499,1790762456,registered,2013-02-17T05:04:54Z,2336,0
1377649500,1790762460,registered,2026-02-13T19:08:05Z,46,0
1377649501,1790762461,registered,2012-06-16T15:40:57Z,2386,0
1377649502,1790762463,temporary,,,1
1377649506,1790762464,registered,2026-09-08T09:59:20Z,1588,0
1377649508,1790762464,registered,2026-09-26T18:06:19Z,116,0
1377649509,1790762466,registered,2016-01-01T20:40:25Z,281820,0
1377649510,1790762470,registered,2008-08-28T06:01:50Z,120096,0
1377649511,1790762470,registered,2017-09-03T21:59:39Z,1839,0
1377649513,1790762470,registered,2013-02-17T05:04:54Z,2336,0
1377649514,1790762473,registered,2025-09-06T12:54:29Z,4223,0
1377649515,1790762473,registered,2024-01-28T08:30:37Z,23048,0
1377649516,1790762472,temporary,,,0
1377649518,1790762475,registered,2026-04-13T09:52:14Z,364,0
1377649519,1790762475,registered,2017-06-06T08:45:57Z,41014,0
1377649520,1790762475,registered,2022-09-12T02:13:30Z,2990,0
1377649521,1790762477,temporary,,,0
1377649522,1790762475,registered,2026-02-06T03:18:13Z,5343,0
1377649524,1790762479,registered,2018-09-16T23:59:15Z,166,0
1377649526,1790762480,temporary,,,1
1377649527,1790762479,registered,2026-09-06T17:26:15Z,247,0
1377649528,1790762481,registered,2005-12-31T06:31:18Z,672,0
1377649530,1790762482,registered,2013-02-17T05:04:54Z,2336,0
1377649531,1790762483,registered,2020-10-18T09:16:42Z,4661,0
1377649539,1790762486,registered,2013-10-18T11:03:06Z,95942,0
1377649540,1790762487,registered,2022-11-29T09:33:58Z,7010,0
1377649541,1790762488,registered,2022-09-23T11:50:52Z,3536,0
1377649542,1790762489,registered,2022-08-04T16:32:09Z,45,0
1377649543,1790762490,registered,2016-01-01T20:40:25Z,281820,0
1377649546,1790762493,registered,2026-04-14T18:25:02Z,1331,0
1377649547,1790762492,registered,2026-04-13T08:35:08Z,114,0
1377649548,1790762493,registered,2025-03-20T06:20:54Z,11,0
1377649549,1790762493,registered,2017-10-29T11:11:31Z,438,0
1377649550,1790762493,registered,2016-11-24T18:05:47Z,38587,0
1377649551,1790762494,registered,2013-02-17T05:04:54Z,2336,0
1377649555,1790762496,registered,2026-02-11T17:26:25Z,11,0
1377649557,1790762497,registered,2004-03-29T21:52:33Z,35150,0
1377649558,1790762497,registered,2016-01-01T20:40:25Z,281820,0
1377649560,1790762498,registered,2025-01-17T04:18:51Z,762,0
1377649562,1790762499,registered,2021-01-25T16:28:34Z,23742,0
1377649563,1790762499,registered,2022-08-21T00:58:10Z,2486,0
1377649564,1790762498,registered,2026-08-14T09:42:32Z,891,1
1377649567,1790762501,registered,2008-08-28T06:01:50Z,120096,0
1377649568,1790762501,registered,2007-10-10T22:07:40Z,8482,0
1377649572,1790762505,registered,2013-02-17T05:04:54Z,2336,0
1377649576,1790762512,registered,2021-02-24T20:38:38Z,3390,0
1377649577,1790762512,registered,2014-07-16T19:01:08Z,16620,0
1377649578,1790762513,temporary,,,0
1377649579,1790762513,temporary,,,1
1377649581,1790762517,registered,2013-02-17T05:04:54Z,2336,0
1377649582,1790762519,registered,2021-02-24T20:38:38Z,3390,0
1377649585,1790762521,registered,2026-08-14T16:25:06Z,438,0
1377649587,1790762522,registered,2026-07-23T15:39:04Z,1433,0
1377649588,1790762522,registered,2017-07-13T06:57:49Z,35132,0
1377649589,1790762523,registered,2026-09-16T22:49:09Z,1087,0
1377649590,1790762522,registered,2023-04-09T13:42:20Z,30464,0
1377649594,1790762525,registered,2020-02-21T19:16:38Z,7,0
1377649597,1790762526,temporary,,,0
1377649599,1790762529,registered,2013-10-18T11:03:06Z,95942,0
1377649600,1790762529,registered,2013-02-17T05:04:54Z,2336,0
1377649602,1790762531,registered,2009-12-24T01:18:58Z,77453,0
1377649603,1790762531,registered,2024-01-29T15:30:40Z,2755,0
1377649604,1790762533,registered,2021-04-03T16:17:55Z,36184,0
1377649607,1790762533,temporary,,,0
1377649608,1790762536,registered,2008-08-28T06:01:50Z,120096,0
1377649609,1790762537,registered,2026-09-28T22:50:27Z,152,0
1377649613,1790762542,registered,2026-07-23T15:39:04Z,1433,0
1377649614,1790762541,registered,2013-02-17T05:04:54Z,2336,0
1377649616,1790762543,registered,2024-02-20T00:33:06Z,27199,0
1377649618,1790762544,registered,2022-09-23T11:50:52Z,3536,0
1377649619,1790762544,registered,2017-05-15T17:42:02Z,6858,0
1377649621,1790762544,registered,2017-07-13T06:57:49Z,35132,0
1377649625,1790762549,registered,2022-05-02T18:30:51Z,97,0
1377649627,1790762551,registered,2021-01-25T16:28:34Z,23742,0
1377649628,1790762551,registered,2025-09-06T12:54:29Z,4223,0
1377649629,1790762551,registered,2006-05-10T14:24:03Z,108535,0
1377649632,1790762552,registered,2026-08-09T07:56:39Z,958,0
1377649635,1790762555,temporary,,,0
1377649636,1790762554,registered,2013-02-17T05:04:54Z,2336,0
1377649637,1790762554,registered,2008-08-04T09:31:53Z,13153,0
1377649639,1790762556,temporary,,,0
1377649641,1790762559,registered,2004-02-13T15:50:21Z,240030,0
1377649642,1790762560,bot,,,0
1377649643,1790762561,registered,2022-07-16T03:06:49Z,35992,0
1377649644,1790762561,registered,2026-07-08T06:28:06Z,1567,0
1377649645,1790762562,registered,2022-01-12T14:19:01Z,10820,0
1377649647,1790762564,temporary,,,1
1377649648,1790762564,temporary,,,0
1377649650,1790762566,registered,2013-02-17T05:04:54Z,2336,0
1377649651,1790762566,bot,,,0
1377649652,1790762567,registered,2025-07-09T06:46:26Z,30113,0
1377649654,1790762570,registered,2026-08-09T07:56:39Z,958,0
1377649657,1790762572,registered,2026-09-23T22:37:34Z,2,0
1377649658,1790762573,registered,2024-01-29T15:30:40Z,2755,0
1377649659,1790762574,registered,2023-05-11T00:43:32Z,7924,0
1377649661,1790762576,registered,2008-08-28T06:01:50Z,120096,0
1377649662,1790762575,registered,2024-02-21T16:12:51Z,1312,0
1377649663,1790762576,registered,2001-11-04T19:04:08Z,268472,0
1377649665,1790762577,registered,2005-10-04T03:53:50Z,588162,0
1377649667,1790762578,registered,2013-02-17T05:04:54Z,2336,0
1377649668,1790762581,registered,2024-01-28T08:30:37Z,23048,0
1377649669,1790762582,registered,2006-05-10T14:24:03Z,108535,0
1377649672,1790762583,registered,2022-08-21T00:58:10Z,2486,0
1377649676,1790762588,temporary,,,1
1377649678,1790762590,registered,2013-02-17T05:04:54Z,2336,0
1377649681,1790762592,temporary,,,0
1377649682,1790762592,registered,2026-02-21T12:53:04Z,1221,1
1377649684,1790762594,registered,2007-11-01T15:33:50Z,746497,0
1377649685,1790762594,registered,2026-08-14T09:42:32Z,891,0
1377649686,1790762595,temporary,,,1
1377649687,1790762596,registered,2024-08-06T16:59:56Z,1252,0
1377649688,1790762600,registered,2012-06-16T13:24:15Z,13797,0
1377649689,1790762599,temporary,,,0
1377649690,1790762601,temporary,,,0
1377649691,1790762602,registered,2013-02-17T05:04:54Z,2336,0
1377649692,1790762602,temporary,,,0
1377649694,1790762603,registered,2006-08-11T14:33:11Z,19620,0
1377649695,1790762603,registered,2021-04-03T16:17:55Z,36184,0
1377649697,1790762605,registered,2026-09-07T08:11:12Z,3,0
1377649698,1790762605,registered,2026-09-24T07:17:10Z,3,1
1377649700,1790762607,registered,2016-08-05T01:02:00Z,28915,0
1377649701,1790762607,registered,2026-09-24T07:29:25Z,27,1
1377649703,1790762608,registered,2006-02-13T01:12:55Z,171320,0
1377649705,1790762611,registered,2025-03-09T09:37:12Z,2408,0
1377649707,1790762611,temporary,,,0
1377649708,1790762611,registered,2026-04-13T08:35:08Z,114,0
1377649709,1790762612,registered,2017-05-19T20:03:05Z,75315,0
1377649710,1790762612,registered,2023-10-13T07:02:55Z,3811,0
1377649712,1790762614,registered,2004-02-13T15:50:21Z,240030,0
1377649713,1790762614,registered,2013-02-17T05:04:54Z,2336,0
1377649714,1790762614,registered,2023-09-24T13:03:41Z,474,0
1377649715,1790762614,registered,2008-08-28T06:01:50Z,120096,0
1377649717,1790762615,registered,2018-08-26T21:56:03Z,4,0
1377649718,1790762615,registered,2023-05-17T18:43:07Z,2071,0
1377649719,1790762616,registered,2021-01-02T12:51:00Z,6971,0
1377649720,1790762616,registered,2024-01-25T07:31:25Z,5425,0
1377649721,1790762617,registered,2026-01-07T05:29:14Z,48,0
1377649722,1790762618,registered,2024-02-20T00:33:06Z,27199,0
1377649724,1790762619,registered,2013-10-18T11:03:06Z,95942,0
1377649725,1790762619,registered,2026-05-06T14:00:09Z,435,0
1377649726,1790762619,temporary,,,0
1377649727,1790762619,registered,2017-10-29T11:11:31Z,438,0
1377649729,1790762619,registered,2025-09-25T15:36:03Z,676,0
1377649732,1790762623,registered,2012-06-16T15:40:57Z,2386,0
1377649734,1790762622,registered,2018-05-02T23:18:00Z,2194,0
1377649736,1790762624,registered,2026-08-09T07:56:39Z,958,0
1377649737,1790762626,registered,2013-02-17T05:04:54Z,2336,0
1377649738,1790762626,registered,2022-11-29T09:33:58Z,7010,0
1377649739,1790762626,registered,2026-09-30T03:06:29Z,45,1
1377649740,1790762628,bot,,,0
1377649741,1790762630,registered,2015-10-05T13:57:40Z,1172,0
1377649743,1790762632,registered,2021-01-25T16:28:34Z,23742,0
1377649744,1790762631,temporary,,,1
1377649745,1790762633,registered,2025-04-20T14:44:46Z,478,0
1377649746,1790762633,registered,2026-07-23T15:39:04Z,1433,0
1377649747,1790762634,registered,2026-08-14T09:42:32Z,891,0
1377649748,1790762635,registered,2024-06-26T12:34:47Z,16140,0
1377649749,1790762637,registered,2013-02-17T05:04:54Z,2336,0
1377649750,1790762637,registered,2025-09-25T15:36:03Z,676,0
1377649752,1790762638,registered,2021-06-26T05:54:39Z,95,0
1377649753,1790762638,registered,2015-09-07T06:11:43Z,91,0
1377649754,1790762638,registered,2022-09-23T11:50:52Z,3536,0
1377649755,1790762639,registered,2013-11-16T22:03:38Z,3410,0
1377649756,1790762640,registered,2024-04-22T17:46:47Z,2,0
1377649758,1790762640,temporary,,,0
1377649759,1790762641,registered,2026-09-29T12:33:45Z,12,0
1377649760,1790762642,registered,2024-05-02T10:08:57Z,9677,0
1377649761,1790762642,registered,2021-01-02T12:51:00Z,6971,0
1377649764,1790762642,registered,2026-09-26T18:06:19Z,116,0
1377649765,1790762643,registered,2024-05-03T16:18:08Z,1554,0
1377649767,1790762644,registered,2026-09-16T22:49:09Z,1087,0
1377649769,1790762648,registered,2024-01-28T08:30:37Z,23048,0
1377649771,1790762649,registered,2012-06-16T13:24:15Z,13797,0
1377649774,1790762649,registered,2013-02-17T05:04:54Z,2336,0
1377649775,1790762652,registered,2024-02-20T00:33:06Z,27199,0
1377649777,1790762653,registered,2008-08-28T06:01:50Z,120096,0
1377649778,1790762652,temporary,,,0
1377649780,1790762656,registered,2026-09-28T22:50:27Z,152,0
1377649781,1790762655,registered,2025-09-25T15:36:03Z,676,0
1377649782,1790762656,registered,2022-08-21T00:58:10Z,2486,0
1377649783,1790762657,registered,2015-10-05T13:57:40Z,1172,0
1377649784,1790762657,registered,2022-09-12T02:13:30Z,2990,0
1377649785,1790762659,temporary,,,1
1377649786,1790762661,registered,2021-11-28T05:30:30Z,29754,0
1377649787,1790762661,registered,2022-05-12T13:03:29Z,27064,0
1377649788,1790762662,registered,2013-02-17T05:04:54Z,2336,0
1377649789,1790762663,registered,2014-11-25T20:57:27Z,3230,0
1377649790,1790762663,registered,2013-11-16T22:03:38Z,3410,0
1377649792,1790762665,registered,2021-04-03T16:17:55Z,36184,0
1377649794,1790762668,registered,2023-11-13T11:07:36Z,212,0
1377649795,1790762666,registered,2024-06-26T12:34:47Z,16140,0
1377649796,1790762666,registered,2026-09-06T17:26:15Z,247,0
1377649797,1790762669,registered,2004-08-14T04:58:30Z,1161,0
1377649800,1790762671,registered,2025-12-26T18:11:51Z,118,0
1377649802,1790762674,registered,2005-06-14T17:03:45Z,74867,0
1377649803,1790762673,registered,2007-05-30T13:01:52Z,195557,0
1377649805,1790762674,registered,2013-02-17T05:04:54Z,2336,0
1377649806,1790762675,registered,2006-01-06T14:40:16Z,222534,0
1377649807,1790762674,temporary,,,0
1377649809,1790762674,registered,2025-09-25T15:36:03Z,676,0
1377649810,1790762679,registered,2025-01-17T04:18:51Z,762,0
1377649811,1790762681,registered,2024-01-29T15:30:40Z,2755,0
1377649816,1790762685,registered,2013-10-18T11:03:06Z,95942,0
1377649817,1790762686,registered,2013-02-17T05:04:54Z,2336,0
1377649818,1790762688,registered,2017-06-06T08:45:57Z,41014,0
1377649820,1790762692,registered,2021-11-28T05:30:30Z,29754,0
1377649821,1790762693,registered,2026-09-28T22:50:27Z,152,0
1377649823,1790762696,registered,2008-03-07T23:09:19Z,60341,0
1377649824,1790762697,registered,2005-06-14T17:03:45Z,74867,0
1377649825,1790762697,temporary,,,0
1377649827,1790762697,registered,2013-02-17T05:04:54Z,2336,0
1377649829,1790762696,registered,2025-09-25T15:36:03Z,676,0
1377649830,1790762701,registered,2024-11-25T16:27:18Z,197,0
1377649836,1790762708,registered,2015-10-05T13:57:40Z,1172,0
1377649839,1790762710,registered,2025-07-30T13:48:36Z,203,0
1377649841,1790762711,registered,2024-01-25T07:31:25Z,5425,0
1377649842,1790762711,registered,2013-02-17T05:04:54Z,2336,0
1377649843,1790762711,registered,2021-11-28T05:30:30Z,29754,0
1377649844,1790762711,temporary,,,0
1377649846,1790762713,registered,2024-12-27T16:07:08Z,2453,0
1377649847,1790762713,registered,2013-10-18T11:03:06Z,95942,0
1377649848,1790762714,registered,2007-04-09T12:50:37Z,369540,0
1377649849,1790762713,registered,2026-09-30T09:33:59Z,1,0
1377649850,1790762714,temporary,,,0
1377649853,1790762716,registered,2018-12-22T15:51:55Z,9181,0
1377649854,1790762716,registered,2026-08-09T07:56:39Z,958,0
1377649856,1790762718,registered,2025-09-25T15:36:03Z,676,0
1377649858,1790762719,bot,,,0
1377649862,1790762720,temporary,,,0
1377649864,1790762723,registered,2013-02-17T05:04:54Z,2336,0
1377649865,1790762723,registered,2011-07-06T10:33:38Z,68515,0
1377649870,1790762727,bot,,,0
1377649871,1790762725,temporary,,,1
1377649873,1790762728,registered,2005-02-17T11:12:06Z,315467,0
1377649874,1790762729,registered,2007-10-10T22:07:40Z,8482,0
1377649875,1790762730,registered,2004-05-02T20:34:16Z,1745094,0
1377649877,1790762732,registered,2006-10-28T14:31:47Z,16520,0
1377649882,1790762733,registered,2026-09-28T22:50:27Z,152,0
1377649883,1790762734,registered,2013-10-18T11:03:06Z,95942,0
1377649884,1790762735,registered,2026-09-16T22:49:09Z,1087,0
1377649886,1790762735,registered,2013-02-17T05:04:54Z,2336,0
1377649887,1790762735,bot,,,0
1377649889,1790762736,registered,2025-09-25T15:36:03Z,676,0
1377649891,1790762737,registered,2015-08-22T21:24:00Z,2099,0
1377649892,1790762738,registered,2022-05-12T13:03:29Z,27064,0
1377649894,1790762739,registered,2012-09-22T15:50:42Z,1340,0
1377649896,1790762739,temporary,,,1
1377649899,1790762744,temporary,,,0
1377649900,1790762745,registered,2026-01-21T12:17:29Z,8,0
1377649901,1790762745,registered,2026-04-13T08:35:08Z,114,0
1377649902,1790762746,temporary,,,0
1377649903,1790762751,registered,2022-05-25T15:10:51Z,224,0
1377649904,1790762750,registered,2026-06-22T02:44:35Z,17,0
1377649905,1790762752,registered,2021-08-24T14:43:33Z,7,0
1377649908,1790762752,registered,2026-08-14T09:42:32Z,891,0
1377649911,1790762753,registered,2018-01-13T11:08:48Z,21592,0
1377649912,1790762754,temporary,,,0
1377649914,1790762756,registered,2009-01-06T05:39:09Z,14390,0
1377649915,1790762757,registered,2017-06-06T08:45:57Z,41014,0
1377649917,1790762756,registered,2025-09-25T15:36:03Z,676,0
1377649918,1790762757,registered,2023-08-10T10:37:08Z,157,0
1377649920,1790762758,registered,2013-02-17T05:04:54Z,2336,0
1377649923,1790762760,registered,2020-12-03T10:30:35Z,292,0
1377649924,1790762760,registered,2025-07-30T13:48:36Z,203,0
1377649925,1790762759,registered,2022-08-21T00:58:10Z,2486,0
1377649926,1790762761,registered,2026-07-23T15:39:04Z,1433,0
1377649930,1790762762,registered,2014-11-04T16:56:00Z,190,0
1377649932,1790762762,temporary,,,0
1377649935,1790762768,registered,2026-09-28T22:50:27Z,152,0
1377649937,1790762770,registered,2013-02-17T05:04:54Z,2336,0
1377649939,1790762772,registered,2026-02-11T17:26:25Z,11,0
1377649942,1790762775,registered,2025-07-24T06:14:48Z,924,0
1377649943,1790762775,registered,2023-11-01T07:55:32Z,29493,0
1377649944,1790762774,registered,2025-09-25T15:36:03Z,676,0
1377649947,1790762777,registered,2021-02-24T20:38:38Z,3390,0
1377649948,1790762777,registered,2007-04-25T16:27:48Z,427,0
1377649949,1790762778,registered,2007-09-10T12:10:22Z,3349,0
1377649950,1790762778,registered,2024-12-29T14:49:18Z,2954,0
1377649952,1790762779,registered,2021-01-25T16:28:34Z,23742,0
1377649953,1790762780,registered,2022-09-12T02:13:30Z,2990,0
1377649954,1790762781,temporary,,,0
1377649955,1790762781,temporary,,,0
1377649957,1790762781,registered,2026-09-29T17:53:29Z,14,1
1377649958,1790762782,registered,2013-03-06T09:54:08Z,194,0
1377649959,1790762782,registered,2011-11-02T03:11:01Z,34133,0
1377649960,1790762782,registered,2013-02-17T05:04:54Z,2336,0
1377649961,1790762783,registered,2016-01-01T20:40:25Z,281820,0
1377649963,1790762784,registered,2014-11-25T20:57:27Z,3230,0
1377649965,1790762784,registered,2025-07-14T09:55:37Z,21,0
1377649966,1790762783,bot,,,0
1377649971,1790762789,registered,2015-10-05T13:57:40Z,1172,0
1377649973,1790762791,registered,2024-08-16T15:22:36Z,2080,0
1377649974,1790762791,registered,2024-01-25T07:31:25Z,5425,0
1377649976,1790762793,registered,2017-05-19T20:03:05Z,75315,0
1377649977,1790762792,temporary,,,0
1377649979,1790762794,registered,2013-02-17T05:04:54Z,2336,0
1377649980,1790762795,registered,2009-05-30T06:50:37Z,4363,0
1377649981,1790762795,registered,2007-10-10T22:07:40Z,8482,0
1377649984,1790762796,temporary,,,0
1377649985,1790762797,registered,2024-07-06T05:02:53Z,40,0
1377649986,1790762797,registered,2009-03-01T18:25:26Z,41512,0
1377649987,1790762797,registered,2011-07-06T10:33:38Z,68515,0
1377649989,1790762798,registered,2016-01-01T20:40:25Z,281820,0
1377649990,1790762798,temporary,,,0
1377649991,1790762799,registered,2018-11-01T17:05:04Z,19885,0
1377649994,1790762800,registered,2026-09-28T22:50:27Z,152,0
1377649997,1790762801,registered,2026-09-28T16:18:45Z,27,0
1377649998,1790762802,registered,2024-01-28T08:30:37Z,23048,0
1377650000,1790762803,registered,2024-02-20T00:33:06Z,27199,0
1377650001,1790762802,registered,2008-12-23T01:23:07Z,89890,0
1377650002,1790762803,registered,2026-08-09T07:56:39Z,958,0
1377650005,1790762804,temporary,,,1
1377650007,1790762806,temporary,,,0
1377650008,1790762806,registered,2024-04-22T17:46:47Z,2,0
1377650009,1790762807,registered,2026-05-12T12:12:59Z,250,0
1377650010,1790762807,registered,2021-11-28T05:30:30Z,29754,0
1377650011,1790762806,registered,2013-02-17T05:04:54Z,2336,0
1377650013,1790762807,temporary,,,0
1377650014,1790762809,temporary,,,0
1377650016,1790762809,temporary,,,0
1377650017,1790762811,registered,2023-11-01T07:55:32Z,29493,0
1377650019,1790762813,registered,2021-01-25T16:28:34Z,23742,0
1377650021,1790762813,temporary,,,0
1377650022,1790762814,registered,2012-06-20T07:12:34Z,7113,0
1377650023,1790762814,registered,2021-04-10T23:51:18Z,3424,0
1377650026,1790762816,registered,2026-05-06T02:47:29Z,445,0
1377650027,1790762815,registered,2019-01-14T17:05:55Z,13,0
1377650030,1790762818,temporary,,,1
1377650031,1790762818,registered,2025-03-18T14:57:50Z,7,1
1377650032,1790762819,temporary,,,0
1377650034,1790762819,registered,2013-02-17T05:04:54Z,2336,0
1377650036,1790762822,registered,2012-06-16T15:40:57Z,2386,0
1377650039,1790762823,registered,2021-04-03T16:17:55Z,36184,0
1377650041,1790762825,registered,2014-04-09T08:56:11Z,3522,0
1377650045,1790762828,bot,,,0
1377650046,1790762829,registered,2024-01-28T08:30:37Z,23048,0
1377650047,1790762829,registered,2024-03-01T12:53:47Z,2819,0
1377650048,1790762830,registered,2025-01-17T04:18:51Z,762,0
1377650051,1790762831,registered,2013-02-17T05:04:54Z,2336,0
1377650052,1790762833,registered,2026-03-13T07:18:05Z,2139,0
1377650053,1790762833,registered,2008-12-23T01:23:07Z,89890,0
1377650057,1790762833,registered,2016-01-01T20:40:25Z,281820,0
1377650061,1790762837,registered,2016-03-20T11:58:45Z,3260,0
1377650067,1790762840,registered,2021-11-28T05:30:30Z,29754,0
1377650068,1790762840,registered,2025-04-20T14:44:46Z,478,0
1377650072,1790762843,registered,2013-02-17T05:04:54Z,2336,0
1377650075,1790762845,registered,2021-11-16T10:01:36Z,1136,0
1377650076,1790762845,registered,2020-10-29T13:27:54Z,1046,0
1377650077,1790762845,registered,2026-09-28T22:50:27Z,152,1
1377650078,1790762846,registered,2016-01-01T20:40:25Z,281820,0
1377650079,1790762846,registered,2013-10-18T11:03:06Z,95942,0
1377650081,1790762847,registered,2007-10-12T17:28:23Z,16324,0
1377650083,1790762847,temporary,,,0
1377650085,1790762849,registered,2010-06-13T09:52:12Z,83972,0
1377650086,1790762849,registered,2024-01-25T07:31:25Z,5425,0
1377650087,1790762850,registered,2025-03-09T09:37:12Z,2408,0
1377650090,1790762854,registered,2026-06-12T00:37:56Z,33,0
1377650091,1790762854,temporary,,,0
1377650092,1790762855,registered,2007-03-08T18:13:29Z,105220,0
1377650094,1790762856,registered,2026-04-13T09:52:14Z,364,1
1377650095,1790762856,registered,2013-02-17T05:04:54Z,2336,0
1377650096,1790762857,registered,2007-04-09T12:50:37Z,369540,0
1377650100,1790762857,registered,2026-09-13T19:26:54Z,14,0
1377650103,1790762858,registered,2020-10-05T08:07:11Z,6007,0
1377650105,1790762861,temporary,,,0
1377650107,1790762860,temporary,,,0
1377650109,1790762862,registered,2026-04-14T18:25:02Z,1331,0
1377650110,1790762862,registered,2026-04-23T09:44:41Z,856,0
1377650111,1790762862,temporary,,,0
1377650114,1790762865,registered,2025-03-20T06:20:54Z,11,0
1377650115,1790762865,registered,2024-03-12T22:15:10Z,2045,0
1377650117,1790762865,temporary,,,0
1377650119,1790762868,registered,2013-02-17T05:04:54Z,2336,0
1377650124,1790762869,registered,2023-11-01T07:55:32Z,29493,0
1377650125,1790762869,temporary,,,0
1377650128,1790762868,registered,2022-08-10T19:24:43Z,9661,0
1377650131,1790762870,registered,2009-12-27T11:47:08Z,822402,0
1377650134,1790762872,registered,2023-06-21T12:39:07Z,119,0
1377650136,1790762873,registered,2004-05-02T20:34:16Z,1745094,0
1377650137,1790762874,registered,2024-09-25T09:15:46Z,13949,0
1377650139,1790762874,registered,2015-08-07T17:39:30Z,18343,0
1377650140,1790762874,registered,2026-03-13T07:18:05Z,2139,0
1377650141,1790762875,registered,2023-10-04T10:36:55Z,138,0
1377650144,1790762876,registered,2026-09-28T22:50:27Z,152,0
1377650146,1790762877,temporary,,,0
1377650149,1790762880,registered,2026-05-20T00:13:50Z,25,0
1377650151,1790762880,registered,2013-02-17T05:04:54Z,2336,0
1377650154,1790762885,registered,2021-07-21T12:29:51Z,33468,0
1377650155,1790762885,registered,2016-03-20T11:58:45Z,3260,0
1377650156,1790762886,registered,2006-04-23T17:17:43Z,121972,0
1377650158,1790762886,registered,2007-05-30T13:01:52Z,195557,0
1377650159,1790762887,registered,2022-08-21T00:58:10Z,2486,0
1377650160,1790762888,registered,2026-02-11T17:26:25Z,11,0
1377650162,1790762889,registered,2024-01-28T08:30:37Z,23048,0
1377650163,1790762889,registered,2025-03-09T09:37:12Z,2408,0
1377650166,1790762890,registered,2016-01-01T20:40:25Z,281820,0
1377650168,1790762892,registered,2013-02-17T05:04:54Z,2336,0
1377650169,1790762891,bot,,,0
1377650171,1790762895,registered,2020-10-29T13:27:54Z,1046,0
1377650172,1790762892,registered,2026-09-06T17:26:15Z,247,0
1377650174,1790762898,registered,2005-10-04T03:53:50Z,588162,0
1377650175,1790762893,registered,2025-10-11T01:49:32Z,52,0
1377650178,1790762901,registered,2007-10-12T17:28:23Z,16324,0
1377650181,1790762905,registered,2025-01-17T04:18:51Z,762,0
1377650182,1790762904,temporary,,,0
1377650183,1790762904,registered,2013-02-17T05:04:54Z,2336,0
1377650185,1790762907,registered,2022-01-12T14:19:01Z,10820,0
1377650186,1790762906,bot,,,0
1377650189,1790762908,registered,2014-11-25T20:57:27Z,3230,0
1377650190,1790762909,registered,2023-05-25T12:15:45Z,6230,0
1377650191,1790762909,registered,2016-01-01T20:40:25Z,281820,0
1377650192,1790762909,registered,2014-11-19T11:32:23Z,8794,0
1377650194,1790762910,registered,2022-07-16T03:06:49Z,35992,0
1377650195,1790762913,registered,2026-09-28T22:50:27Z,152,0
1377650197,1790762914,registered,2023-10-04T10:36:55Z,138,0
1377650198,1790762914,registered,2026-09-26T18:06:19Z,116,0
1377650199,1790762915,registered,2009-12-24T01:18:58Z,77453,0
1377650201,1790762915,registered,2007-09-10T12:10:22Z,3349,0
1377650202,1790762917,registered,2013-02-17T05:04:54Z,2336,0
1377650206,1790762922,registered,2001-11-04T19:04:08Z,268472,0
1377650207,1790762922,registered,2021-08-14T02:49:11Z,6299,0
1377650209,1790762922,temporary,,,0
1377650211,1790762926,registered,2021-06-26T05:54:39Z,95,0
1377650213,1790762924,registered,2020-10-05T08:07:11Z,6007,0
1377650217,1790762929,registered,2023-11-13T11:07:36Z,212,0
1377650218,1790762929,registered,2013-02-17T05:04:54Z,2336,0
1377650219,1790762930,registered,2005-04-08T23:53:52Z,77698,0
1377650227,1790762934,registered,2026-09-28T22:50:27Z,152,0
1377650228,1790762936,temporary,,,0
1377650231,1790762936,registered,2009-05-04T06:42:57Z,34,1
1377650232,1790762936,registered,2022-11-29T09:33:58Z,7010,0
1377650234,1790762937,registered,2026-07-29T14:37:51Z,126,0
1377650235,1790762938,registered,2026-08-09T07:56:39Z,958,0
1377650237,1790762938,registered,2023-11-01T07:55:32Z,29493,0
1377650238,1790762936,temporary,,,0
1377650239,1790762938,temporary,,,0
1377650241,1790762941,registered,2013-02-17T05:04:54Z,2336,0
1377650242,1790762942,temporary,,,0
1377650243,1790762943,registered,2007-02-14T12:02:32Z,75957,0
1377650247,1790762944,registered,2025-03-09T09:37:12Z,2408,0
1377650248,1790762946,temporary,,,1
1377650254,1790762950,registered,2009-10-02T23:38:24Z,260823,0
1377650255,1790762950,registered,2024-01-25T07:31:25Z,5425,0
1377650257,1790762951,registered,2021-11-28T05:30:30Z,29754,0
1377650262,1790762953,registered,2013-02-17T05:04:54Z,2336,0
1377650265,1790762956,temporary,,,0
1377650267,1790762960,registered,2006-04-23T17:17:43Z,121972,0
1377650272,1790762963,registered,2025-07-07T12:26:52Z,699,0
1377650274,1790762963,registered,2021-04-03T16:17:55Z,36184,0
1377650275,1790762964,registered,2025-07-30T13:48:36Z,203,0
1377650277,1790762965,registered,2016-03-31T11:32:56Z,66853,0
1377650278,1790762966,registered,2013-02-17T05:04:54Z,2336,0
1377650279,1790762967,registered,2026-04-29T05:54:09Z,49,0
1377650280,1790762967,registered,2009-05-30T06:50:37Z,4363,0
1377650282,1790762968,registered,2021-07-21T12:29:51Z,33468,0
1377650283,1790762967,registered,2001-11-04T19:04:08Z,268472,0
1377650284,1790762968,registered,2026-09-28T22:50:27Z,152,0
1377650285,1790762967,temporary,,,1
1377650290,1790762973,registered,2004-02-13T15:50:21Z,240030,0
1377650292,1790762973,temporary,,,0
1377650295,1790762975,registered,2026-07-23T15:39:04Z,1433,0
1377650297,1790762976,registered,2022-05-25T15:10:51Z,224,0
1377650298,1790762978,registered,2009-05-04T06:42:57Z,34,1
1377650299,1790762977,registered,2013-02-17T05:04:54Z,2336,0
1377650302,1790762981,registered,2022-01-24T12:22:29Z,19687,0
1377650303,1790762980,temporary,,,0
1377650304,1790762982,registered,2007-03-08T18:13:29Z,105220,0
1377650305,1790762982,registered,2007-10-12T17:28:23Z,16324,0
1377650306,1790762982,registered,2022-11-29T09:33:58Z,7010,0
1377650312,1790762985,temporary,,,1
1377650313,1790762986,registered,2024-01-25T07:31:25Z,5425,0
1377650314,1790762985,registered,2007-05-30T13:01:52Z,195557,0
1377650316,1790762987,registered,2022-08-21T00:58:10Z,2486,0
1377650317,1790762988,registered,2026-09-28T22:50:27Z,152,0
1377650318,1790762988,registered,2008-06-24T09:55:34Z,3302,0
1377650321,1790762989,registered,2015-10-16T07:15:11Z,1898,0
1377650323,1790762990,registered,2017-06-06T08:45:57Z,41014,0
1377650325,1790762990,registered,2013-02-17T05:04:54Z,2336,0
1377650326,1790762991,registered,2012-06-16T15:40:57Z,2386,0
1377650329,1790762992,registered,2007-12-23T04:24:28Z,123772,0
1377650330,1790762995,temporary,,,0
1377650331,1790762995,registered,2014-04-09T08:56:11Z,3522,0
1377650336,1790763001,registered,2009-02-19T13:06:16Z,192676,0
1377650337,1790763000,registered,2022-03-19T04:05:18Z,7217,0
1377650340,1790763002,registered,2013-02-17T05:04:54Z,2336,0
1377650344,1790763004,registered,2009-12-24T01:18:58Z,77453,0
1377650346,1790763005,temporary,,,0
1377650348,1790763008,registered,2024-01-28T08:30:37Z,23048,0
1377650349,1790763008,registered,2023-07-22T12:16:45Z,5616,1
1377650350,1790763008,registered,2016-01-01T20:40:25Z,281820,0
1377650352,1790763010,registered,2009-03-01T18:25:26Z,41512,0
1377650356,1790763013,registered,2026-09-28T22:50:27Z,152,0
1377650360,1790763014,registered,2014-08-16T02:12:31Z,55,0
1377650361,1790763014,registered,2013-02-17T05:04:54Z,2336,0
1377650363,1790763016,temporary,,,0
1377650364,1790763017,registered,2024-09-25T09:15:46Z,13949,0
1377650369,1790763019,registered,2011-05-16T18:48:36Z,38169,1
1377650370,1790763020,registered,2021-11-29T08:05:47Z,316,0
1377650372,1790763021,bot,,,0
1377650374,1790763024,registered,2024-08-06T16:59:56Z,1252,0
1377650375,1790763025,registered,2025-07-30T13:48:36Z,203,0
1377650377,1790763024,registered,2008-12-23T01:23:07Z,89890,0
1377650378,1790763026,registered,2013-10-18T11:03:06Z,95942,0
1377650379,1790763026,registered,2008-01-29T16:07:30Z,46170,0
1377650381,1790763027,registered,2025-04-20T14:44:46Z,478,0
1377650382,1790763026,registered,2013-02-17T05:04:54Z,2336,0
1377650384,1790763028,registered,2001-11-04T19:04:08Z,268472,0
1377650386,1790763021,registered,2019-04-23T16:36:53Z,18759,0
1377650388,1790763030,registered,2021-02-24T20:38:38Z,3390,0
1377650391,1790763032,registered,2024-12-16T20:21:28Z,830,0
1377650394,1790763034,registered,2007-10-12T17:28:23Z,16324,0
1377650395,1790763034,temporary,,,1
1377650396,1790763034,registered,2025-03-20T06:20:54Z,11,0
1377650397,1790763033,registered,2024-03-12T22:15:10Z,2045,0
1377650398,1790763034,registered,2016-01-01T20:40:25Z,281820,0
1377650399,1790763035,registered,2017-06-04T10:17:17Z,1065,0
1377650400,1790763035,registered,2024-04-14T14:09:00Z,10027,0
1377650401,1790763036,registered,2026-08-09T07:56:39Z,958,0
1377650402,1790763036,temporary,,,0
1377650404,1790763036,registered,2016-11-24T18:05:47Z,38587,0
1377650406,1790763038,registered,2013-02-17T05:04:54Z,2336,0
1377650407,1790763037,temporary,,,0
1377650409,1790763038,registered,2017-06-23T13:41:18Z,70,0
1377650411,1790763040,temporary,,,0
1377650412,1790763042,registered,2024-03-01T12:53:47Z,2819,0
1377650414,1790763043,registered,2025-10-06T21:08:55Z,174,0
1377650417,1790763046,registered,2021-04-24T13:58:13Z,609,0
1377650419,1790763047,registered,2010-12-23T10:37:54Z,86763,0
1377650420,1790763048,registered,2001-11-04T19:04:08Z,268472,0
1377650421,1790763048,registered,2014-09-20T08:41:47Z,44546,0
1377650423,1790763049,registered,2013-02-17T05:04:54Z,2336,0
1377650424,1790763050,registered,2016-01-01T20:40:25Z,281820,0
1377650425,1790763051,registered,2026-09-30T09:42:20Z,2,0
1377650427,1790763051,registered,2024-01-25T07:31:25Z,5425,0
1377650430,1790763056,registered,2013-01-22T09:09:52Z,116,0
1377650431,1790763055,registered,2009-12-27T11:47:08Z,822402,0
1377650432,1790763058,temporary,,,0
1377650438,1790763060,registered,2013-02-17T05:04:54Z,2336,0
1377650440,1790763061,registered,2008-01-29T16:07:30Z,46170,0
1377650441,1790763062,registered,2025-07-09T06:46:26Z,30113,0
1377650442,1790763063,registered,2025-12-27T10:17:30Z,144,0
1377650444,1790763063,temporary,,,0
1377650447,1790763066,registered,2021-01-25T16:28:34Z,23742,0
1377650450,1790763067,registered,2026-08-09T07:56:39Z,958,0
1377650451,1790763068,registered,2013-10-18T11:03:06Z,95942,0
1377650452,1790763067,registered,2026-09-28T22:50:27Z,152,0
1377650454,1790763068,temporary,,,1
1377650455,1790763069,registered,2017-06-04T10:17:17Z,1065,0
1377650456,1790763070,bot,,,0
1377650457,1790763070,temporary,,,0
1377650459,1790763072,registered,2013-02-17T05:04:54Z,2336,0
1377650460,1790763071,temporary,,,1
1377650461,1790763073,temporary,,,0
1377650464,1790763075,registered,2025-07-09T06:46:26Z,30113,0
1377650465,1790763075,registered,2022-03-19T04:05:18Z,7217,0
1377650466,1790763076,registered,2019-04-16T09:03:08Z,196827,0
1377650469,1790763077,bot,,,0
1377650470,1790763078,registered,2026-09-08T13:22:03Z,32,0
1377650473,1790763080,registered,2016-01-01T20:40:25Z,281820,0
1377650474,1790763081,registered,2009-12-24T01:18:58Z,77453,0
1377650476,1790763081,registered,2025-04-20T14:44:46Z,478,0
1377650477,1790763081,registered,2006-10-27T18:22:40Z,183241,0
1377650478,1790763079,temporary,,,0
1377650480,1790763083,registered,2013-02-17T05:04:54Z,2336,0
1377650481,1790763083,registered,2019-01-07T12:08:37Z,41793,0
1377650487,1790763087,registered,2026-09-13T15:17:02Z,7,0
1377650490,1790763091,registered,2005-10-09T10:25:53Z,187129,0
1377650491,1790763091,registered,2022-09-12T02:13:30Z,2990,0
1377650493,1790763092,temporary,,,0
1377650495,1790763092,registered,2019-01-07T12:08:37Z,41793,0
1377650496,1790763093,registered,2013-05-21T19:56:55Z,144752,0
1377650497,1790763094,registered,2013-02-17T05:04:54Z,2336,0
1377650498,1790763094,registered,2026-03-09T13:19:28Z,31,0
1377650499,1790763094,registered,2026-04-13T09:52:14Z,364,0
1377650501,1790763095,registered,2020-07-27T13:14:07Z,18916,1
1377650503,1790763097,registered,2024-03-01T12:53:47Z,2819,0
1377650506,1790763099,registered,2026-09-17T20:52:00Z,153,0
1377650507,1790763098,bot,,,0
1377650508,1790763100,registered,2026-03-30T21:45:42Z,548,0
1377650510,1790763101,registered,2026-09-28T22:50:27Z,152,0
1377650511,1790763101,registered,2016-01-01T20:40:25Z,281820,0
1377650514,1790763103,registered,2015-10-05T13:57:40Z,1172,0
1377650515,1790763104,registered,2017-07-13T06:57:49Z,35132,0
1377650516,1790763104,temporary,,,0
1377650517,1790763103,bot,,,0
1377650518,1790763104,registered,2006-02-16T00:19:09Z,98702,0
1377650519,1790763105,registered,2013-02-17T05:04:54Z,2336,0
1377650520,1790763105,registered,2019-04-16T09:03:08Z,196827,0
1377650522,1790763104,registered,2007-12-23T04:24:28Z,123772,0
1377650529,1790763111,temporary,,,0
1377650530,1790763112,registered,2007-08-14T07:20:43Z,41551,0
1377650531,1790763112,registered,2013-05-04T10:56:54Z,14487,0
1377650533,1790763112,registered,2026-09-08T09:59:20Z,1588,0
1377650535,1790763114,registered,2012-05-10T08:17:25Z,36533,0
1377650540,1790763117,temporary,,,1
1377650542,1790763117,registered,2013-02-17T05:04:54Z,2336,0
1377650555,1790763120,registered,2017-07-13T06:57:49Z,35132,0
1377650560,1790763122,registered,2021-06-26T05:54:39Z,95,0
1377650565,1790763123,registered,2021-04-03T16:17:55Z,36184,0
1377650570,1790763124,registered,2016-01-01T20:40:25Z,281820,0
1377650572,1790763125,registered,2020-10-29T13:27:54Z,1046,0
1377650574,1790763124,temporary,,,1
1377650576,1790763126,registered,2025-07-05T00:31:21Z,5837,0
1377650577,1790763126,registered,2008-08-30T12:59:26Z,39466,0
1377650582,1790763126,registered,2017-06-04T10:17:17Z,1065,0
1377650583,1790763127,registered,2019-04-16T09:03:08Z,196827,0
1377650585,1790763128,registered,2015-04-18T21:54:49Z,16173,0
1377650590,1790763129,registered,2013-02-17T05:04:54Z,2336,0
1377650592,1790763129,registered,2010-10-20T17:01:19Z,6697561,0
1377650601,1790763130,temporary,,,0
1377650602,1790763131,registered,2023-11-01T07:55:32Z,29493,0
1377650603,1790763131,registered,2024-09-15T11:56:52Z,495,0
1377650614,1790763133,temporary,,,0
1377650622,1790763135,registered,2025-10-24T05:46:07Z,1021,0
1377650625,1790763135,bot,,,0
1377650628,1790763137,temporary,,,0
1377650629,1790763137,registered,2021-01-25T16:28:34Z,23742,0
1377650634,1790763135,registered,2013-05-21T19:56:55Z,144752,0
1377650636,1790763138,registered,2026-09-28T22:50:27Z,152,0
1377650645,1790763141,registered,2013-02-17T05:04:54Z,2336,0
1377650652,1790763141,bot,,,0
1377650659,1790763143,temporary,,,0
1377650662,1790763145,registered,2022-03-19T04:05:18Z,7217,0
1377650666,1790763147,temporary,,,0
1377650667,1790763149,registered,2001-11-04T19:04:08Z,268472,0
1377650670,1790763149,temporary,,,0
1377650672,1790763151,registered,2016-01-01T20:40:25Z,281820,0
1377650674,1790763153,registered,2013-02-17T05:04:54Z,2336,0
1377650675,1790763153,registered,2019-04-16T09:03:08Z,196827,0
1377650676,1790763154,registered,2011-12-19T15:31:32Z,37126,0
1377650678,1790763155,temporary,,,0
1377650680,1790763154,temporary,,,0
1377650683,1790763158,registered,2026-07-23T15:39:04Z,1433,0
1377650685,1790763160,registered,2024-08-16T15:22:36Z,2080,0
1377650686,1790763160,temporary,,,0
1377650690,1790763164,registered,2007-03-08T18:13:29Z,105220,0
1377650692,1790763165,registered,2013-02-17T05:04:54Z,2336,0
1377650695,1790763165,temporary,,,1
1377650697,1790763171,registered,2019-01-07T12:08:37Z,41793,0
1377650699,1790763170,temporary,,,1
1377650702,1790763174,registered,2026-09-28T22:50:27Z,152,0
1377650703,1790763174,temporary,,,0
1377650705,1790763174,registered,2016-01-01T20:40:25Z,281820,0
1377650708,1790763175,temporary,,,0
1377650709,1790763177,registered,2013-02-17T05:04:54Z,2336,0
1377650710,1790763177,registered,2024-03-12T22:15:10Z,2045,0
1377650712,1790763177,bot,,,0
1377650713,1790763179,temporary,,,0
1377650714,1790763178,temporary,,,0
1377650715,1790763179,temporary,,,0
1377650720,1790763186,registered,2013-10-18T11:03:06Z,95942,0
1377650723,1790763188,registered,2013-01-22T09:09:52Z,116,0
1377650726,1790763189,registered,2013-02-17T05:04:54Z,2336,0
1377650727,1790763190,registered,2021-01-25T16:28:34Z,23742,0
1377650729,1790763191,registered,2023-03-12T20:27:06Z,11135,0
1377650730,1790763193,registered,2026-09-28T22:50:27Z,152,0
1377650735,1790763198,registered,2026-03-16T17:09:30Z,220,1
1377650736,1790763200,temporary,,,0
1377650738,1790763200,registered,2022-03-26T20:12:42Z,2316,0
1377650739,1790763200,temporary,,,0
1377650741,1790763201,registered,2013-02-17T05:04:54Z,2336,0
1377650743,1790763204,registered,2016-01-01T20:40:25Z,281820,0
1377650745,1790763205,registered,2024-04-22T19:45:13Z,801,0
1377650747,1790763207,registered,2013-10-18T11:03:06Z,95942,0
1377650748,1790763209,registered,2009-11-13T13:55:08Z,115077,0
1377650751,1790763210,registered,2021-06-08T19:21:41Z,728,0
1377650752,1790763210,registered,2022-03-19T04:05:18Z,7217,0
1377650754,1790763211,registered,2016-03-20T11:58:45Z,3260,0
1377650755,1790763211,registered,2005-10-09T10:25:53Z,187129,0
1377650758,1790763213,registered,2025-12-26T18:11:51Z,118,0
1377650760,1790763213,registered,2013-02-17T05:04:54Z,2336,0
1377650761,1790763215,registered,2005-10-04T03:53:50Z,588162,0
1377650764,1790763216,registered,2012-10-16T11:27:52Z,17325,0
1377650765,1790763216,registered,2010-09-14T23:38:32Z,162294,0
1377650766,1790763216,registered,2026-09-28T22:50:27Z,152,0
1377650767,1790763217,registered,2017-12-08T13:54:15Z,13701,0
1377650769,1790763218,temporary,,,0
1377650770,1790763218,registered,2026-08-09T07:56:39Z,958,0
1377650771,1790763219,registered,2024-01-25T07:31:25Z,5425,0
1377650773,1790763221,registered,2007-11-01T15:33:50Z,746497,0
1377650777,1790763225,temporary,,,1
1377650778,1790763225,temporary,,,1
1377650779,1790763225,registered,2021-01-25T16:28:34Z,23742,0
1377650780,1790763226,registered,2013-02-17T05:04:54Z,2336,0
1377650781,1790763227,registered,2008-08-30T12:59:26Z,39466,0
1377650782,1790763226,bot,,,0
1377650787,1790763229,temporary,,,0
1377650788,1790763229,registered,2016-08-29T06:09:01Z,3357,0
1377650792,1790763233,registered,2021-02-24T20:38:38Z,3390,0
1377650795,1790763234,registered,2010-07-20T21:40:53Z,46917,0
1377650797,1790763235,registered,2025-07-09T06:46:26Z,30113,0
1377650799,1790763234,registered,2010-09-14T23:38:32Z,162294,0
1377650802,1790763237,registered,2026-07-29T14:37:51Z,126,0
1377650803,1790763236,registered,2022-08-21T00:58:10Z,2486,0
1377650805,1790763238,registered,2013-02-17T05:04:54Z,2336,0
1377650806,1790763239,registered,2026-03-30T21:45:42Z,548,0
1377650809,1790763240,registered,2026-09-28T22:50:27Z,152,0
1377650813,1790763243,registered,2006-08-23T21:12:14Z,8972,0
1377650814,1790763243,registered,2026-07-23T15:39:04Z,1433,0
1377650820,1790763247,registered,2025-07-09T06:46:26Z,30113,0
1377650821,1790763247,registered,2026-09-08T09:59:20Z,1588,0
1377650822,1790763247,registered,2024-04-14T14:09:00Z,10027,0
1377650824,1790763249,temporary,,,0
1377650825,1790763249,registered,2017-10-01T01:11:58Z,4074,0
1377650827,1790763250,registered,2013-02-17T05:04:54Z,2336,0
1377650829,1790763251,registered,2011-11-20T14:36:43Z,132173,0
1377650831,1790763251,registered,2022-03-19T04:05:18Z,7217,0
1377650833,1790763253,registered,2008-08-28T06:01:50Z,120096,0
1377650834,1790763252,temporary,,,0
1377650836,1790763254,registered,2025-09-06T12:54:29Z,4223,0
1377650837,1790763254,registered,2011-11-11T12:22:58Z,8935,0
1377650839,1790763256,registered,2012-07-22T08:17:56Z,94975,0
1377650840,1790763257,temporary,,,0
1377650845,1790763257,temporary,,,0
1377650849,1790763259,temporary,,,1
1377650851,1790763261,registered,2022-09-12T02:13:30Z,2990,0
1377650852,1790763261,registered,2013-02-17T05:04:54Z,2336,0
1377650853,1790763261,registered,2026-09-28T22:50:27Z,152,0
1377650854,1790763261,registered,2013-01-22T09:09:52Z,116,0
1377650855,1790763261,registered,2017-12-08T13:54:15Z,13701,0
1377650856,1790763262,registered,2016-03-20T11:58:45Z,3260,0
1377650857,1790763262,registered,2021-01-25T16:28:34Z,23742,0
1377650860,1790763263,registered,2016-01-01T20:40:25Z,281820,0
1377650862,1790763266,registered,2025-07-09T06:46:26Z,30113,0
1377650866,1790763272,registered,2005-08-31T12:19:19Z,333662,0
1377650867,1790763272,temporary,,,0
1377650868,1790763272,registered,2013-10-18T11:03:06Z,95942,0
1377650870,1790763273,registered,2013-02-17T05:04:54Z,2336,0
1377650871,1790763274,registered,2007-11-01T15:33:50Z,746497,0
1377650878,1790763274,temporary,,,1
1377650879,1790763275,registered,2009-12-27T11:47:08Z,822402,0
1377650881,1790763277,registered,2004-02-02T08:07:56Z,16980,0
1377650889,1790763280,registered,2023-10-26T19:46:51Z,2551,0
1377650890,1790763281,registered,2007-05-30T13:01:52Z,195557,0
1377650892,1790763283,registered,2012-07-15T17:34:25Z,4208,0
1377650893,1790763283,registered,2026-09-30T10:11:46Z,10,1
1377650895,1790763285,registered,2026-09-28T22:50:27Z,152,0
1377650896,1790763285,registered,2010-09-14T23:38:32Z,162294,0
1377650898,1790763285,registered,2013-02-17T05:04:54Z,2336,0
1377650899,1790763286,registered,2024-01-28T08:30:37Z,23048,0
1377650900,1790763284,registered,2026-09-09T13:34:55Z,2,0
1377650908,1790763289,bot,,,0
1377650910,1790763289,registered,2008-10-22T11:16:19Z,62148,0
1377650911,1790763290,registered,2026-09-28T12:05:05Z,38,0
1377650912,1790763290,registered,2026-07-29T14:37:51Z,126,0
1377650918,1790763290,registered,2025-06-30T17:12:56Z,32593,0
1377650920,1790763292,registered,2021-09-07T13:05:54Z,14705,0
1377650922,1790763294,registered,2026-09-07T10:43:12Z,241,0
1377650923,1790763294,registered,2026-09-13T15:17:02Z,7,0
1377650924,1790763293,registered,2026-07-08T06:28:06Z,1567,0
1377650927,1790763296,registered,2021-01-25T16:28:34Z,23742,0
1377650930,1790763297,registered,2013-02-17T05:04:54Z,2336,0
1377650931,1790763297,registered,2025-09-10T21:33:42Z,6254,0
1377650936,1790763300,registered,2006-02-26T08:51:28Z,3881,0
1377650938,1790763299,temporary,,,1
1377650939,1790763300,temporary,,,0
1377650941,1790763301,registered,2024-01-25T07:31:25Z,5425,0
1377650943,1790763302,registered,2026-09-28T22:50:27Z,152,0
1377650945,1790763302,registered,2016-01-01T20:40:25Z,281820,0
1377650949,1790763304,registered,2006-11-30T17:11:51Z,5109,0
1377650953,1790763306,temporary,,,0
1377650955,1790763308,registered,2013-02-17T05:04:54Z,2336,0
1377650956,1790763308,registered,2008-06-24T09:55:34Z,3302,0
1377650957,1790763308,registered,2022-08-10T19:24:43Z,9661,0
1377650958,1790763308,bot,,,0
1377650960,1790763310,registered,2025-07-11T04:25:00Z,246,0
1377650965,1790763311,bot,,,0
1377650967,1790763313,registered,2017-11-22T10:35:46Z,271,0
1377650972,1790763316,registered,2009-12-27T11:47:08Z,822402,0
1377650973,1790763315,temporary,,,0
1377650976,1790763319,registered,2026-09-30T10:11:46Z,10,0
1377650979,1790763320,registered,2013-02-17T05:04:54Z,2336,0
1377650981,1790763322,registered,2023-01-04T19:43:31Z,4528,0
1377650982,1790763323,temporary,,,0
1377650984,1790763323,registered,2011-12-19T15:31:32Z,37126,0
1377650985,1790763323,registered,2015-07-27T22:13:55Z,11513,0
1377650986,1790763324,registered,2020-05-13T00:59:17Z,9429,0
1377650987,1790763324,temporary,,,1
1377650988,1790763324,bot,,,0
1377650991,1790763326,registered,2016-01-01T20:40:25Z,281820,0
1377650997,1790763328,temporary,,,0
1377650998,1790763330,registered,2026-04-13T09:52:14Z,364,0
1377651001,1790763332,registered,2013-02-17T05:04:54Z,2336,0
1377651003,1790763333,temporary,,,0
1377651004,1790763334,registered,2021-02-16T05:20:01Z,825,0
1377651005,1790763335,registered,2026-09-28T22:50:27Z,152,0
1377651007,1790763335,registered,2008-08-29T05:19:23Z,132984,0
1377651009,1790763338,registered,2022-07-20T06:24:11Z,14749,0
1377651010,1790763339,registered,2016-01-01T20:40:25Z,281820,0
1377651012,1790763339,temporary,,,1
1377651014,1790763340,registered,2026-07-23T15:39:04Z,1433,0
1377651015,1790763340,registered,2026-09-08T09:59:20Z,1588,0
1377651016,1790763341,registered,2003-11-14T19:58:36Z,15473,0
1377651017,1790763342,registered,2026-09-30T10:11:46Z,10,0
1377651018,1790763342,registered,2025-12-28T23:04:41Z,384,0
1377651020,1790763343,temporary,,,0
1377651021,1790763344,registered,2021-06-01T20:41:52Z,6223,0
1377651022,1790763344,registered,2007-08-14T07:20:43Z,41551,0
1377651024,1790763344,registered,2013-02-17T05:04:54Z,2336,0
1377651025,1790763345,registered,2025-06-30T17:12:56Z,32593,0
1377651030,1790763344,registered,2019-04-01T02:32:27Z,6004,0
1377651033,1790763353,registered,2025-06-17T04:25:21Z,3300,0
1377651037,1790763353,bot,,,0
1377651039,1790763356,registered,2025-12-29T04:05:20Z,3110,0
1377651041,1790763356,registered,2013-02-17T05:04:54Z,2336,0
1377651043,1790763357,registered,2026-09-28T22:50:27Z,152,0
1377651044,1790763358,registered,2008-08-28T06:01:50Z,120096,0
1377651046,1790763357,registered,2024-03-12T22:15:10Z,2045,0
1377651047,1790763358,registered,2026-09-16T22:49:09Z,1087,0
1377651048,1790763358,registered,2020-12-17T22:08:40Z,20160,0
1377651050,1790763359,temporary,,,0
1377651051,1790763359,registered,2021-04-03T16:17:55Z,36184,0
1377651053,1790763359,temporary,,,0
1377651056,1790763361,registered,2023-02-16T13:10:05Z,7,0
1377651058,1790763361,registered,2026-09-30T10:11:46Z,10,0
1377651059,1790763361,temporary,,,0
1377651062,1790763364,registered,2021-01-25T16:28:34Z,23742,0
1377651063,1790763364,registered,2019-09-23T10:33:35Z,2669,0
1377651065,1790763363,registered,2026-07-10T18:36:35Z,10,0
1377651066,1790763366,registered,2013-10-18T11:03:06Z,95942,0
1377651067,1790763366,registered,2026-09-30T10:03:55Z,2,0
1377651068,1790763366,registered,2021-01-19T19:18:04Z,8208,0
1377651070,1790763366,registered,2016-01-01T20:40:25Z,281820,0
1377651072,1790763366,temporary,,,0
1377651075,1790763368,registered,2013-02-17T05:04:54Z,2336,0
1377651078,1790763369,registered,2009-05-04T18:19:28Z,16025,0
1377651080,1790763368,temporary,,,0
1377651086,1790763377,registered,2024-08-06T16:59:56Z,1252,0
1377651087,1790763377,registered,2021-06-26T05:54:39Z,95,0
1377651088,1790763377,registered,2022-11-29T09:33:58Z,7010,0
1377651090,1790763378,temporary,,,0
1377651091,1790763378,registered,2026-09-17T20:52:00Z,153,0
1377651093,1790763378,registered,2007-12-23T04:24:28Z,123772,0
1377651094,1790763379,registered,2026-09-08T09:59:20Z,1588,0
1377651095,1790763380,registered,2013-02-17T05:04:54Z,2336,0
1377651097,1790763381,registered,2008-06-20T16:28:56Z,51216,0
1377651098,1790763381,registered,2025-03-09T09:37:12Z,2408,1
1377651103,1790763386,registered,2026-09-30T10:11:46Z,10,0
1377651106,1790763391,registered,2014-11-22T07:35:29Z,35658,0
1377651107,1790763391,registered,2026-08-09T07:56:39Z,958,0
1377651108,1790763392,registered,2016-03-20T11:58:45Z,3260,0
1377651109,1790763392,registered,2013-02-17T05:04:54Z,2336,0
1377651111,1790763393,registered,2026-09-16T22:49:09Z,1087,0
1377651112,1790763393,registered,2023-06-08T17:28:11Z,4326,0
1377651116,1790763396,temporary,,,1
1377651117,1790763397,registered,2008-08-28T06:01:50Z,120096,0
1377651120,1790763399,registered,2021-01-25T16:28:34Z,23742,0
1377651121,1790763399,registered,2019-04-16T09:03:08Z,196827,0
1377651122,1790763399,registered,2003-09-28T04:30:14Z,887996,0
1377651124,1790763400,registered,2013-10-18T11:03:06Z,95942,0
1377651125,1790763400,registered,2026-09-15T09:58:49Z,21,1
1377651127,1790763401,registered,2009-12-27T11:47:08Z,822402,0
1377651128,1790763404,registered,2013-02-17T05:04:54Z,2336,0
1377651131,1790763405,registered,2026-05-06T02:47:29Z,445,0
1377651132,1790763406,temporary,,,0
1377651134,1790763407,registered,2026-09-28T22:50:27Z,152,0
1377651136,1790763408,temporary,,,0
1377651139,1790763409,registered,2026-09-23T10:08:12Z,3,0
1377651142,1790763412,temporary,,,0
1377651143,1790763412,temporary,,,1
1377651145,1790763414,registered,2001-11-04T19:04:08Z,268472,0
1377651146,1790763414,registered,2003-12-06T11:00:04Z,8869,0
1377651149,1790763415,registered,2021-04-24T13:58:13Z,609,0
1377651150,1790763415,registered,2009-08-20T15:23:42Z,532188,0
1377651151,1790763416,registered,2026-09-16T22:49:09Z,1087,0
1377651152,1790763416,registered,2013-02-17T05:04:54Z,2336,0
1377651153,1790763416,registered,2024-10-31T16:05:48Z,164,0
1377651155,1790763417,registered,2009-07-15T07:14:48Z,21242,0
1377651156,1790763419,registered,2023-10-26T19:46:51Z,2551,0
1377651158,1790763420,registered,2025-05-18T16:57:15Z,312,0
1377651160,1790763421,registered,2026-09-30T10:11:46Z,10,0
1377651162,1790763424,registered,2021-06-01T20:41:52Z,6223,0
1377651163,1790763424,registered,2025-12-29T04:05:20Z,3110,0
1377651168,1790763428,registered,2013-02-17T05:04:54Z,2336,0
1377651169,1790763428,temporary,,,0
1377651171,1790763429,registered,2026-09-27T07:49:21Z,16,0
1377651173,1790763430,registered,2017-12-08T13:54:15Z,13701,1
1377651181,1790763438,registered,2026-09-30T10:11:46Z,10,0
1377651182,1790763438,registered,2024-03-02T08:04:56Z,2156,0
1377651184,1790763440,registered,2013-02-17T05:04:54Z,2336,0
1377651185,1790763440,registered,2002-02-25T15:43:11Z,173660,0
1377651189,1790763444,registered,2021-04-03T16:17:55Z,36184,0
1377651191,1790763446,temporary,,,0
1377651192,1790763448,registered,2020-05-01T16:28:58Z,250,0
1377651196,1790763451,registered,2009-03-01T18:25:26Z,41512,0
1377651197,1790763451,registered,2026-08-09T07:56:39Z,958,0
1377651198,1790763452,registered,2013-02-17T05:04:54Z,2336,0
1377651199,1790763452,registered,2025-02-15T18:05:05Z,1,0
1377651201,1790763452,registered,2020-12-17T22:08:40Z,20160,0
1377651202,1790763454,temporary,,,0
1377651203,1790763454,temporary,,,1
1377651204,1790763453,registered,2026-09-26T18:06:19Z,116,0
1377651205,1790763455,registered,2026-09-30T10:02:07Z,1,0
1377651208,1790763455,registered,2026-09-28T22:50:27Z,152,0
1377651213,1790763460,registered,2021-04-24T13:58:13Z,609,0
1377651214,1790763460,registered,2026-09-30T10:11:46Z,10,0
1377651215,1790763461,registered,2020-02-16T01:45:34Z,3712,0
1377651217,1790763463,registered,2013-02-17T05:04:54Z,2336,0
1377651219,1790763464,registered,2006-08-23T21:12:14Z,8972,0
1377651222,1790763465,bot,,,0
1377651226,1790763468,registered,2013-10-18T11:03:06Z,95942,0
1377651228,1790763469,registered,2007-03-08T18:13:29Z,105220,0
1377651229,1790763469,temporary,,,0
1377651232,1790763475,registered,2013-02-17T05:04:54Z,2336,0
1377651237,1790763479,registered,2022-09-12T02:13:30Z,2990,0
1377651239,1790763481,registered,2017-12-08T13:54:15Z,13701,0
1377651241,1790763480,registered,2026-09-08T09:59:20Z,1588,0
1377651243,1790763483,registered,2025-12-11T15:07:24Z,19,0
1377651244,1790763484,bot,,,0
1377651248,1790763486,registered,2021-11-29T08:05:47Z,316,0
1377651249,1790763487,registered,2013-02-17T05:04:54Z,2336,0
1377651250,1790763487,bot,,,0
1377651252,1790763490,registered,2005-10-04T03:53:50Z,588162,0
1377651253,1790763489,registered,2026-09-28T22:50:27Z,152,0
1377651254,1790763490,registered,2010-08-04T12:57:15Z,177,0
1377651256,1790763490,registered,2009-12-27T11:47:08Z,822402,0
1377651261,1790763495,registered,2009-03-24T17:45:24Z,7349,1
1377651263,1790763496,registered,2021-03-18T09:22:59Z,43551,0
1377651266,1790763499,registered,2016-08-29T06:09:01Z,3357,0
1377651268,1790763500,registered,2007-04-08T09:47:37Z,60427,0
1377651269,1790763501,temporary,,,1
1377651271,1790763503,registered,2022-08-10T19:24:43Z,9661,0
1377651272,1790763504,registered,2025-09-06T12:54:29Z,4223,0
1377651273,1790763499,registered,2013-02-17T05:04:54Z,2336,0
1377651275,1790763505,temporary,,,0
1377651282,1790763506,temporary,,,0
1377651284,1790763508,registered,2006-10-27T18:22:40Z,183241,0
1377651285,1790763508,registered,2013-07-17T17:37:50Z,7603,0
1377651286,1790763509,registered,2026-08-19T08:30:16Z,435,0
1377651287,1790763510,registered,2013-10-18T11:03:06Z,95942,0
1377651289,1790763511,registered,2020-02-16T01:45:34Z,3712,0
1377651292,1790763514,registered,2011-12-22T10:15:33Z,3818,0
1377651294,1790763515,temporary,,,0
1377651295,1790763516,temporary,,,0
1377651296,1790763516,registered,2005-02-17T11:12:06Z,315467,0
1377651297,1790763516,registered,2013-02-17T05:04:54Z,2336,0
1377651299,1790763517,registered,2024-01-28T08:30:37Z,23048,0
1377651300,1790763518,registered,2026-09-28T22:50:27Z,152,0
1377651302,1790763518,temporary,,,0
1377651304,1790763520,registered,2020-10-05T02:35:35Z,26,0
1377651308,1790763524,registered,2019-05-02T21:27:23Z,1579,0
1377651309,1790763524,registered,2009-02-19T13:06:16Z,192676,0
1377651310,1790763522,registered,2009-03-24T17:45:24Z,7349,1
1377651311,1790763524,temporary,,,0
1377651312,1790763524,temporary,,,0
1377651314,1790763525,registered,2004-08-24T20:12:09Z,108365,0
1377651316,1790763526,registered,2021-04-03T16:17:55Z,36184,0
1377651317,1790763528,registered,2013-02-17T05:04:54Z,2336,0
1377651319,1790763528,registered,2026-02-21T15:05:07Z,7360,0
1377651322,1790763532,registered,2010-11-05T16:11:09Z,197,0
1377651324,1790763533,registered,2021-01-25T16:28:34Z,23742,0
1377651325,1790763533,registered,2022-09-12T02:13:30Z,2990,0
1377651327,1790763534,temporary,,,1
1377651329,1790763536,registered,2021-04-24T13:58:13Z,609,0
1377651332,1790763537,registered,2014-02-12T04:47:14Z,59917,0
1377651334,1790763538,registered,2025-05-18T16:57:15Z,312,0
1377651335,1790763538,temporary,,,0
1377651336,1790763539,registered,2013-02-17T05:04:54Z,2336,0
1377651337,1790763539,registered,2025-01-17T04:18:51Z,762,0
1377651341,1790763543,registered,2023-09-11T02:08:42Z,6513,0
1377651342,1790763543,temporary,,,0
1377651345,1790763548,registered,2026-06-12T00:37:56Z,33,0
1377651346,1790763548,registered,2009-12-27T11:47:08Z,822402,0
1377651349,1790763551,registered,2013-02-17T05:04:54Z,2336,0
1377651352,1790763552,temporary,,,1
1377651353,1790763553,registered,2011-05-16T18:48:36Z,38169,0
1377651356,1790763557,registered,2026-09-28T22:50:27Z,152,0
1377651357,1790763557,temporary,,,0
1377651359,1790763559,registered,2009-08-20T15:23:42Z,532188,0
1377651360,1790763558,temporary,,,0
1377651361,1790763559,temporary,,,0
1377651362,1790763560,temporary,,,0
1377651364,1790763562,registered,2009-07-15T07:14:48Z,21242,0
1377651365,1790763562,registered,2023-11-01T07:55:32Z,29493,0
1377651367,1790763563,registered,2013-02-17T05:04:54Z,2336,0
1377651368,1790763563,registered,2026-09-08T09:59:20Z,1588,0
1377651369,1790763563,registered,2026-09-16T22:49:09Z,1087,0
1377651370,1790763564,registered,2025-03-15T16:59:04Z,205,0
1377651372,1790763565,temporary,,,0
1377651373,1790763566,registered,2007-09-09T15:00:13Z,94524,1
1377651378,1790763571,registered,2006-02-26T08:51:28Z,3881,0
1377651380,1790763574,registered,2026-08-09T07:56:39Z,958,0
1377651381,1790763575,registered,2013-02-17T05:04:54Z,2336,0
1377651383,1790763576,temporary,,,0
1377651384,1790763576,registered,2008-08-07T17:09:33Z,7619456,0
1377651385,1790763576,registered,2026-08-09T07:56:39Z,958,0
1377651386,1790763577,registered,2026-09-28T16:18:45Z,27,0
1377651387,1790763577,registered,2005-12-16T23:00:07Z,28541,0
1377651388,1790763572,registered,2025-01-17T04:18:51Z,762,0
1377651390,1790763578,registered,2008-08-29T05:19:23Z,132984,0
1377651393,1790763580,registered,2009-12-27T11:47:08Z,822402,0
1377651396,1790763581,registered,2026-07-29T14:37:51Z,126,0
1377651397,1790763582,registered,2009-08-20T15:23:42Z,532188,0
1377651402,1790763582,temporary,,,0
1377651403,1790763583,registered,2025-12-29T04:05:20Z,3110,0
1377651404,1790763583,bot,,,0
1377651406,1790763584,registered,2013-10-18T11:03:06Z,95942,0
1377651407,1790763585,temporary,,,0
1377651408,1790763585,registered,2007-10-12T17:28:23Z,16324,0
1377651409,1790763585,registered,2012-07-22T08:17:56Z,94975,0
1377651410,1790763586,registered,2021-06-26T05:54:39Z,95,0
1377651411,1790763586,registered,2013-02-17T05:04:54Z,2336,0
1377651413,1790763586,registered,2009-12-27T11:47:08Z,822402,0
1377651419,1790763588,registered,2017-11-22T10:35:46Z,271,0
1377651421,1790763588,registered,2006-10-27T18:22:40Z,183241,0
1377651424,1790763589,temporary,,,1
1377651428,1790763593,registered,2024-03-01T12:53:47Z,2819,0
1377651430,1790763593,registered,2018-08-19T03:08:10Z,13944,0
1377651431,1790763593,registered,2006-11-05T16:12:02Z,337853,0
1377651432,1790763593,temporary,,,0
1377651435,1790763591,registered,2026-08-19T08:30:16Z,435,0
1377651439,1790763596,temporary,,,0
1377651440,1790763598,registered,2013-02-17T05:04:54Z,2336,0
1377651443,1790763601,registered,2021-06-01T20:41:52Z,6223,0
1377651450,1790763607,registered,2007-03-08T18:13:29Z,105220,0
1377651452,1790763609,temporary,,,0
1377651453,1790763610,registered,2013-02-17T05:04:54Z,2336,0
1377651455,1790763611,registered,2019-05-02T21:27:23Z,1579,0
1377651456,1790763611,registered,2021-03-18T09:22:59Z,43551,0
1377651458,1790763613,registered,2012-06-16T13:24:15Z,13797,0
1377651460,1790763610,bot,,,0
1377651461,1790763615,temporary,,,1
1377651462,1790763613,temporary,,,0
1377651463,1790763615,registered,2009-12-27T11:47:08Z,822402,0
1377651465,1790763618,temporary,,,0
1377651466,1790763618,registered,2021-04-03T16:17:55Z,36184,0
1377651468,1790763620,registered,2023-11-01T07:55:32Z,29493,0
1377651470,1790763621,registered,2013-02-17T05:04:54Z,2336,0
1377651473,1790763624,temporary,,,0
1377651474,1790763624,registered,2018-05-02T23:18:00Z,2194,0
1377651475,1790763627,registered,2021-04-24T13:58:13Z,609,0
1377651478,1790763630,registered,2012-10-22T03:38:51Z,5593,1
1377651479,1790763631,registered,2021-04-03T16:17:55Z,36184,0
1377651481,1790763633,registered,2013-02-17T05:04:54Z,2336,0
1377651482,1790763634,registered,2011-05-16T18:48:36Z,38169,0
1377651483,1790763635,registered,2026-04-13T09:52:14Z,364,0
1377651484,1790763636,registered,2012-06-16T13:24:15Z,13797,0
1377651485,1790763637,registered,2007-04-25T16:27:48Z,427,0
1377651486,1790763638,registered,2006-11-05T16:12:02Z,337853,0
1377651487,1790763637,temporary,,,0
1377651488,1790763640,registered,2020-10-05T02:35:35Z,26,0
1377651489,1790763639,registered,2025-07-30T13:48:36Z,203,0
1377651490,1790763641,registered,2006-02-16T00:19:09Z,98702,0
1377651491,1790763641,registered,2010-11-05T16:11:09Z,197,0
1377651493,1790763643,registered,2026-08-23T06:09:04Z,3,0
1377651494,1790763645,registered,2013-02-17T05:04:54Z,2336,0
1377651497,1790763648,registered,2017-06-06T08:45:57Z,41014,0
1377651498,1790763648,registered,2009-02-19T13:06:16Z,192676,0
1377651501,1790763650,temporary,,,0
1377651503,1790763647,registered,2016-04-20T05:07:59Z,12745,0
1377651504,1790763653,temporary,,,0
1377651507,1790763657,registered,2013-02-17T05:04:54Z,2336,0
1377651509,1790763661,registered,2024-03-12T22:15:10Z,2045,0
1377651510,1790763663,registered,2023-11-01T07:55:32Z,29493,0
1377651511,1790763663,registered,2024-01-25T07:31:25Z,5425,0
1377651512,1790763666,registered,2026-07-23T15:39:04Z,1433,0
1377651514,1790763667,registered,2007-04-20T09:24:13Z,7536,0
1377651515,1790763668,registered,2013-10-18T11:03:06Z,95942,0
1377651516,1790763671,registered,2021-06-26T05:54:39Z,95,0
1377651517,1790763671,registered,2024-12-27T16:07:08Z,2453,0
1377651518,1790763671,temporary,,,0
1377651520,1790763670,registered,2013-02-17T05:04:54Z,2336,0
1377651521,1790763675,registered,2009-12-27T11:47:08Z,822402,0
1377651523,1790763681,registered,2008-03-07T23:09:19Z,60341,0
1377651524,1790763681,registered,2026-09-17T20:52:00Z,153,0
1377651525,1790763681,temporary,,,0
1377651526,1790763682,registered,2005-05-16T12:21:12Z,74246,0
1377651527,1790763682,registered,2008-10-22T11:16:19Z,62148,0
1377651529,1790763683,registered,2013-06-23T11:16:09Z,33592,0
1377651531,1790763684,temporary,,,0
1377651532,1790763684,registered,2013-02-17T05:04:54Z,2336,0
1377651533,1790763687,temporary,,,1
1377651536,1790763689,temporary,,,0
1377651537,1790763689,registered,2020-10-05T11:22:35Z,224,0
1377651538,1790763690,temporary,,,0
1377651539,1790763691,registered,2022-09-12T02:13:30Z,2990,0
1377651540,1790763692,registered,2026-08-09T07:56:39Z,958,0
1377651541,1790763693,registered,2026-09-08T09:59:20Z,1588,0
1377651542,1790763692,registered,2026-07-03T01:21:22Z,166,0
1377651543,1790763696,registered,2013-02-17T05:04:54Z,2336,0
1377651545,1790763697,temporary,,,1
1377651546,1790763698,temporary,,,0
1377651547,1790763699,registered,2014-09-18T01:52:52Z,26,0
1377651548,1790763699,registered,2021-03-18T09:22:59Z,43551,0
1377651549,1790763701,registered,2022-09-23T11:50:52Z,3536,0
1377651550,1790763702,registered,2026-09-22T04:01:49Z,100,0
1377651551,1790763703,registered,2026-07-23T15:39:04Z,1433,0
1377651552,1790763702,registered,2007-12-23T04:24:28Z,123772,0
1377651553,1790763704,temporary,,,0
1377651556,1790763708,registered,2013-02-17T05:04:54Z,2336,0
1377651557,1790763710,registered,2006-11-05T16:12:02Z,337853,0
1377651558,1790763710,registered,2006-02-17T17:39:59Z,259841,0
1377651560,1790763713,registered,2024-12-27T16:07:08Z,2453,0
1377651565,1790763715,temporary,,,0
1377651572,1790763721,registered,2013-02-17T05:04:54Z,2336,0
1377651573,1790763722,registered,2021-01-14T17:47:03Z,65731,0
1377651575,1790763725,registered,2026-02-06T03:18:13Z,5343,0
1377651576,1790763727,registered,2013-10-18T11:03:06Z,95942,0
1377651578,1790763728,registered,2020-07-15T16:53:10Z,320,0
1377651581,1790763732,registered,2026-07-23T15:39:04Z,1433,0
1377651582,1790763733,registered,2013-02-17T05:04:54Z,2336,0
1377651583,1790763734,registered,2007-04-20T09:24:13Z,7536,0
1377651584,1790763734,registered,2025-05-18T16:57:15Z,312,0
1377651585,1790763735,registered,2022-07-20T06:24:11Z,14749,0
1377651587,1790763737,temporary,,,0
1377651589,1790763739,registered,2026-09-27T07:49:21Z,16,0
1377651590,1790763739,registered,2009-12-27T11:47:08Z,822402,0
1377651591,1790763741,registered,2024-01-25T07:31:25Z,5425,0
1377651593,1790763742,temporary,,,1
1377651595,1790763743,temporary,,,0
1377651596,1790763744,registered,2013-02-17T05:04:54Z,2336,0
1377651597,1790763744,registered,2023-05-08T22:03:34Z,5192,0
1377651599,1790763745,registered,2026-09-08T09:59:20Z,1588,0
1377651600,1790763745,registered,2012-05-28T23:31:03Z,6200,0
1377651602,1790763747,registered,2013-10-18T11:03:06Z,95942,0
1377651603,1790763747,registered,2009-02-15T23:27:51Z,7986,0
1377651605,1790763751,temporary,,,0
1377651607,1790763751,temporary,,,0
1377651609,1790763752,registered,2026-09-26T18:06:19Z,116,1
1377651612,1790763755,registered,2024-01-25T07:31:25Z,5425,0
1377651614,1790763756,registered,2013-02-17T05:04:54Z,2336,0
1377651615,1790763757,registered,2025-05-22T12:27:29Z,9,0
1377651616,1790763758,registered,2007-10-12T17:28:23Z,16324,0
1377651618,1790763760,registered,2022-11-02T19:50:51Z,137,0
1377651619,1790763760,registered,2022-08-10T19:24:43Z,9661,0
1377651620,1790763762,registered,2026-07-23T15:39:04Z,1433,0
1377651622,1790763764,temporary,,,0
1377651624,1790763766,registered,2026-03-14T10:04:30Z,357,0
1377651625,1790763765,registered,2026-08-13T16:39:46Z,15,0
1377651626,1790763768,registered,2023-05-11T00:43:32Z,7924,0
1377651629,1790763768,registered,2013-02-17T05:04:54Z,2336,0
1377651630,1790763770,registered,2007-04-20T09:24:13Z,7536,0
1377651632,1790763771,registered,2006-02-17T17:39:59Z,259841,0
1377651635,1790763772,temporary,,,0
1377651636,1790763772,registered,2026-09-08T09:59:20Z,1588,0
1377651637,1790763772,registered,2026-09-29T12:40:41Z,10,0
1377651638,1790763773,registered,2006-11-05T16:12:02Z,337853,0
1377651639,1790763771,registered,2023-09-06T06:33:58Z,16403,0
1377651641,1790763774,registered,2021-01-08T07:34:00Z,53191,0
1377651642,1790763775,registered,2026-09-30T10:11:46Z,10,0
1377651644,1790763777,registered,2026-05-12T12:12:59Z,250,0
1377651647,1790763778,registered,2014-11-22T07:35:29Z,35658,0
1377651650,1790763780,registered,2013-02-17T05:04:54Z,2336,0
1377651651,1790763780,registered,2025-03-01T03:02:24Z,3537,0
1377651652,1790763780,temporary,,,0
1377651653,1790763781,registered,2026-05-06T02:47:29Z,445,0
1377651654,1790763781,bot,,,0
1377651655,1790763783,temporary,,,0
1377651658,1790763785,temporary,,,0
1377651660,1790763786,registered,2014-12-31T07:02:59Z,71,0
1377651661,1790763787,registered,2010-01-13T08:33:45Z,3299,0
1377651662,1790763788,registered,2017-06-06T08:45:57Z,41014,0
1377651663,1790763789,registered,2008-08-28T06:01:50Z,120096,0
1377651666,1790763790,registered,2009-05-17T04:33:15Z,177297,0
1377651669,1790763791,registered,2013-02-17T05:04:54Z,2336,0
1377651670,1790763791,registered,2012-09-06T10:48:50Z,9141,0
1377651672,1790763789,registered,2022-09-18T12:35:43Z,10656,0
1377651673,1790763791,bot,,,0
1377651674,1790763792,registered,2006-02-17T17:39:59Z,259841,0
1377651675,1790763793,registered,2006-03-24T05:13:34Z,6469,0
1377651676,1790763793,registered,2009-04-14T17:01:26Z,74576,0
1377651677,1790763793,registered,2026-08-09T07:56:39Z,958,0
1377651682,1790763797,registered,2026-09-30T10:16:03Z,3,0
1377651683,1790763797,registered,2011-11-20T14:36:43Z,132173,0
1377651685,1790763798,temporary,,,1
1377651686,1790763800,registered,2018-05-28T16:42:11Z,25293,0
1377651690,1790763801,bot,,,0
1377651692,1790763800,registered,2026-02-06T03:18:13Z,5343,0
1377651693,1790763803,registered,2013-02-17T05:04:54Z,2336,0
1377651695,1790763803,bot,,,0
1377651707,1790763809,temporary,,,0
1377651708,1790763810,registered,2026-09-27T07:49:21Z,16,0
1377651711,1790763811,bot,,,0
1377651713,1790763813,registered,2011-11-20T14:36:43Z,132173,0
1377651715,1790763814,registered,2013-02-17T05:04:54Z,2336,0
1377651717,1790763813,registered,2026-07-10T18:36:35Z,10,0
1377651718,1790763815,bot,,,0
1377651720,1790763816,registered,2021-03-18T09:22:59Z,43551,0
1377651726,1790763821,registered,2024-12-27T16:07:08Z,2453,0
1377651729,1790763824,registered,2009-12-27T11:47:08Z,822402,0
1377651731,1790763824,registered,2026-09-30T07:58:34Z,5,1
1377651733,1790763826,registered,2013-02-17T05:04:54Z,2336,0
1377651734,1790763827,temporary,,,0
1377651736,1790763828,registered,2009-05-17T04:33:15Z,177297,0
1377651738,1790763828,bot,,,0
1377651739,1790763829,registered,2026-09-17T20:52:00Z,153,0
1377651740,1790763830,registered,2023-02-05T15:27:56Z,10707,0
1377651743,1790763831,bot,,,0
1377651744,1790763833,registered,2026-09-08T09:59:20Z,1588,0
1377651750,1790763836,registered,2025-05-18T16:57:15Z,312,0
1377651751,1790763837,registered,2009-08-20T15:23:42Z,532188,0
1377651754,1790763838,registered,2026-09-28T09:29:48Z,99,0
1377651755,1790763838,registered,2013-02-17T05:04:54Z,2336,0
1377651758,1790763840,registered,2005-05-09T19:54:04Z,58524,0
1377651759,1790763841,registered,2007-03-08T18:13:29Z,105220,0
1377651760,1790763841,registered,2026-09-30T10:11:46Z,10,0
1377651762,1790763840,bot,,,0
1377651763,1790763841,temporary,,,1
1377651765,1790763841,registered,2023-09-06T06:33:58Z,16403,0
1377651770,1790763845,registered,2013-11-16T22:03:38Z,3410,0
1377651775,1790763846,registered,2026-09-17T20:52:00Z,153,0
1377651776,1790763847,temporary,,,0
1377651777,1790763847,registered,2010-09-14T23:38:32Z,162294,0
1377651779,1790763848,bot,,,0
1377651781,1790763848,registered,2008-08-28T06:01:50Z,120096,0
1377651783,1790763850,registered,2006-04-23T17:17:43Z,121972,0
1377651784,1790763850,registered,2013-02-17T05:04:54Z,2336,0
1377651786,1790763851,registered,2013-10-18T11:03:06Z,95942,0
1377651792,1790763855,registered,2018-05-28T16:42:11Z,25293,0
1377651794,1790763854,temporary,,,1
1377651795,1790763855,registered,2025-08-19T11:10:04Z,131,0
1377651796,1790763857,registered,2006-07-30T08:11:13Z,3571,0
1377651800,1790763861,registered,2013-02-17T05:04:54Z,2336,0
1377651801,1790763861,registered,2023-05-08T21:42:10Z,35,0
1377651803,1790763862,registered,2014-11-22T07:35:29Z,35658,0
1377651809,1790763866,registered,2009-05-17T04:33:15Z,177297,0
1377651817,1790763870,temporary,,,0
1377651819,1790763871,registered,2015-12-28T23:59:04Z,545,0
1377651820,1790763871,registered,2009-08-20T15:23:42Z,532188,0
1377651824,1790763873,registered,2013-02-17T05:04:54Z,2336,0
1377651829,1790763874,registered,2010-06-25T00:20:27Z,59852,0
1377651832,1790763874,registered,2023-11-01T07:55:32Z,29493,0
1377651833,1790763870,registered,2024-04-14T14:09:00Z,10027,0
1377651835,1790763875,registered,2017-12-08T13:54:15Z,13701,0
1377651839,1790763877,registered,2026-07-23T15:39:04Z,1433,0
1377651841,1790763878,registered,2025-12-30T16:41:42Z,21,0
1377651843,1790763878,registered,2026-09-26T18:06:19Z,116,1
1377651846,1790763879,registered,2025-05-11T15:38:56Z,15152,0
1377651848,1790763880,temporary,,,1
1377651855,1790763882,registered,2025-06-15T08:30:40Z,1461,0
1377651859,1790763884,registered,2007-03-08T18:13:29Z,105220,0
1377651862,1790763884,registered,2013-02-17T05:04:54Z,2336,0
1377651867,1790763886,registered,2018-05-28T16:42:11Z,25293,0
1377651868,1790763886,temporary,,,0
1377651869,1790763886,registered,2026-09-27T07:49:21Z,16,0
1377651872,1790763889,registered,2021-07-31T07:41:48Z,13834,0
1377651873,1790763890,registered,2006-11-05T16:12:02Z,337853,0
1377651878,1790763892,registered,2007-12-23T04:24:28Z,123772,0
1377651879,1790763894,registered,2026-01-14T17:31:33Z,1649,0
1377651882,1790763896,registered,2013-02-17T05:04:54Z,2336,0
1377651884,1790763896,temporary,,,0
1377651888,1790763898,registered,2025-02-08T12:47:33Z,3398,0
1377651893,1790763900,temporary,,,0
1377651895,1790763901,registered,2006-02-17T17:39:59Z,259841,0
1377651898,1790763901,registered,2008-02-24T14:41:55Z,61900,0
1377651899,1790763900,registered,2015-07-27T22:13:55Z,11513,0
1377651901,1790763902,registered,2018-05-02T23:18:00Z,2194,0
1377651902,1790763902,registered,2026-08-09T07:56:39Z,958,0
1377651904,1790763905,registered,2010-09-14T23:38:32Z,162294,0
1377651906,1790763907,bot,,,0
1377651907,1790763906,registered,2019-07-12T01:27:50Z,42929,0
1377651909,1790763908,registered,2013-02-17T05:04:54Z,2336,0
1377651910,1790763908,registered,2008-08-29T05:19:23Z,132984,0
1377651911,1790763908,registered,2016-03-20T11:58:45Z,3260,0
1377651913,1790763911,registered,2006-08-23T21:12:14Z,8972,0
1377651915,1790763912,registered,2022-09-23T11:50:52Z,3536,0
1377651916,1790763913,registered,2009-05-17T04:33:15Z,177297,0
1377651917,1790763914,temporary,,,0
1377651920,1790763917,registered,2017-07-13T06:57:49Z,35132,0
1377651926,1790763919,temporary,,,0
1377651928,1790763920,registered,2013-02-17T05:04:54Z,2336,0
1377651930,1790763919,temporary,,,0
1377651931,1790763921,registered,2023-10-27T10:13:02Z,10582,0
1377651932,1790763921,registered,2026-09-17T20:52:00Z,153,0
1377651944,1790763929,registered,2021-04-03T16:17:55Z,36184,0
1377651947,1790763931,registered,2013-02-17T05:04:54Z,2336,0
1377651949,1790763932,registered,2019-07-12T01:27:50Z,42929,0
1377651950,1790763933,registered,2005-04-02T03:25:33Z,331,0
1377651952,1790763934,registered,2021-03-18T09:22:59Z,43551,0
1377651953,1790763934,registered,2010-09-30T22:39:08Z,229443,0
1377651956,1790763933,temporary,,,1
1377651957,1790763935,registered,2023-02-05T15:27:56Z,10707,0
1377651961,1790763939,registered,2023-05-11T00:43:32Z,7924,0
1377651963,1790763939,registered,2024-01-25T07:31:25Z,5425,0
1377651966,1790763940,temporary,,,1
1377651968,1790763942,temporary,,,0
1377651969,1790763942,registered,2019-07-25T16:12:32Z,544,0
1377651972,1790763943,registered,2013-02-17T05:04:54Z,2336,0
1377651973,1790763943,registered,2026-09-30T10:16:03Z,3,0
1377651976,1790763942,registered,2019-07-12T01:27:50Z,42929,0
1377651978,1790763944,temporary,,,1
1377651979,1790763944,registered,2009-11-26T14:45:20Z,37175,1
1377651981,1790763944,temporary,,,0
1377651982,1790763945,temporary,,,1
1377651985,1790763946,registered,2016-10-08T01:48:07Z,33386,0
1377651988,1790763949,registered,2026-09-29T10:25:49Z,21,0
1377651991,1790763950,registered,2015-07-27T22:13:55Z,11513,0
1377651993,1790763950,temporary,,,1
1377651994,1790763951,registered,2005-02-17T11:12:06Z,315467,0
1377651995,1790763951,registered,2019-12-21T21:38:52Z,52417,0
1377651996,1790763951,registered,2026-09-26T18:06:19Z,116,1
1377651997,1790763952,registered,2009-07-27T09:02:36Z,42783,0
1377651999,1790763952,temporary,,,0
1377652000,1790763953,registered,2007-11-01T15:33:50Z,746497,0
1377652001,1790763953,registered,2008-10-22T11:16:19Z,62148,0
1377652002,1790763953,temporary,,,0
1377652003,1790763953,registered,2024-01-28T08:30:37Z,23048,0
1377652004,1790763953,temporary,,,1
1377652005,1790763952,registered,2010-10-20T17:01:19Z,6697561,0
1377652007,1790763955,registered,2013-01-22T09:09:52Z,116,0
1377652009,1790763955,registered,2013-02-17T05:04:54Z,2336,0
1377652010,1790763955,temporary,,,1
1377652011,1790763956,registered,2013-10-18T11:03:06Z,95942,0
1377652014,1790763956,registered,2008-08-29T05:19:23Z,132984,0
1377652015,1790763957,registered,2006-11-05T16:12:02Z,337853,0
1377652017,1790763958,registered,2010-10-20T17:01:19Z,6697561,0
1377652019,1790763960,registered,2016-10-08T01:48:07Z,33386,0
1377652025,1790763963,registered,2019-04-21T18:46:24Z,35250,0
1377652026,1790763964,registered,2019-07-12T01:27:50Z,42929,0
1377652027,1790763964,registered,2024-12-27T16:07:08Z,2453,0
1377652031,1790763966,registered,2021-02-24T20:38:38Z,3390,0
1377652033,1790763967,registered,2013-02-17T05:04:54Z,2336,0
1377652036,1790763968,registered,2025-06-15T08:30:40Z,1461,0
1377652037,1790763969,registered,2019-07-12T01:27:50Z,42929,0
1377652039,1790763969,registered,2007-12-23T04:24:28Z,123772,0
1377652040,1790763970,registered,2010-11-27T03:44:48Z,50742,0
1377652042,1790763971,registered,2024-01-28T08:30:37Z,23048,1
1377652044,1790763971,bot,,,0
1377652045,1790763970,registered,2026-01-14T17:31:33Z,1649,0
1377652046,1790763971,temporary,,,0
1377652047,1790763972,registered,2015-10-16T07:15:11Z,1898,0
1377652048,1790763972,registered,2016-03-20T11:58:45Z,3260,0
1377652051,1790763972,registered,2017-09-19T13:23:55Z,55691,0
1377652057,1790763974,registered,2019-07-12T01:27:50Z,42929,0
1377652061,1790763977,registered,2026-09-15T09:58:49Z,21,1
1377652064,1790763979,registered,2013-02-17T05:04:54Z,2336,0
1377652066,1790763980,registered,2025-05-18T16:57:15Z,312,0
1377652068,1790763982,registered,2019-07-12T01:27:50Z,42929,0
1377652069,1790763982,temporary,,,0
1377652070,1790763983,registered,2025-09-22T19:58:27Z,14,0
1377652073,1790763987,bot,,,0
1377652076,1790763991,registered,2010-09-14T23:38:32Z,162294,0
1377652077,1790763991,registered,2005-04-02T03:25:33Z,331,0
1377652078,1790763991,registered,2018-05-02T23:18:00Z,2194,0
1377652079,1790763991,registered,2013-02-17T05:04:54Z,2336,0
1377652084,1790763995,registered,2008-08-28T06:01:50Z,120096,0
1377652085,1790763996,registered,2026-04-13T09:52:14Z,364,0
1377652086,1790763997,registered,2009-12-24T01:18:58Z,77453,0
1377652089,1790763999,registered,2009-03-01T18:25:26Z,41512,0
1377652090,1790763998,registered,2019-07-12T01:27:50Z,42929,0
1377652093,1790764000,registered,2021-02-24T20:38:38Z,3390,0
1377652094,1790764000,registered,2024-01-25T07:31:25Z,5425,0
1377652097,1790764001,registered,2026-09-27T07:49:21Z,16,0
1377652099,1790764003,registered,2024-01-28T08:30:37Z,23048,0
1377652101,1790764002,temporary,,,0
1377652102,1790764004,registered,2019-07-12T01:27:50Z,42929,0
1377652103,1790764004,registered,2013-02-17T05:04:54Z,2336,0
1377652105,1790764005,registered,2013-10-18T11:03:06Z,95942,0
1377652106,1790764004,registered,2026-01-14T17:31:33Z,1649,0
1377652108,1790764006,registered,2012-02-09T21:40:43Z,6550,0
1377652109,1790764007,registered,2006-03-17T18:49:28Z,309,0
1377652110,1790764006,registered,2017-09-19T13:23:55Z,55691,0
1377652113,1790764014,registered,2013-04-14T11:54:20Z,30653,0
1377652116,1790764013,registered,2025-04-11T01:35:47Z,1369,0
1377652119,1790764016,registered,2013-02-17T05:04:54Z,2336,0
1377652121,1790764019,registered,2007-11-01T15:33:50Z,746497,0
1377652123,1790764019,registered,2026-09-08T09:59:20Z,1588,0
1377652124,1790764019,temporary,,,1
1377652125,1790764020,registered,2026-09-29T09:14:48Z,26,0
1377652127,1790764020,registered,2026-09-26T18:06:19Z,116,0
1377652128,1790764021,temporary,,,1
1377652129,1790764022,registered,2008-08-28T06:01:50Z,120096,0
1377652130,1790764021,registered,2026-09-07T10:43:12Z,241,0
1377652131,1790764023,registered,2024-11-29T01:26:14Z,2559,0
1377652132,1790764023,registered,2026-04-13T09:52:14Z,364,0
1377652133,1790764023,registered,2009-04-14T17:01:26Z,74576,0
1377652135,1790764023,registered,2017-09-19T13:23:55Z,55691,0
1377652136,1790764023,registered,2019-07-12T01:27:50Z,42929,0
1377652138,1790764025,registered,2020-12-14T07:40:39Z,14017,0
1377652139,1790764027,temporary,,,0
1377652141,1790764028,registered,2013-11-16T22:03:38Z,3410,0
1377652142,1790764028,registered,2013-02-17T05:04:54Z,2336,0
1377652143,1790764029,registered,2020-12-06T23:51:36Z,78426,0
1377652144,1790764029,registered,2024-01-28T08:30:37Z,23048,0
1377652146,1790764029,registered,2009-12-27T11:47:08Z,822402,0
1377652147,1790764030,registered,2019-07-12T01:27:50Z,42929,0
1377652150,1790764031,registered,2012-05-10T08:17:25Z,36533,0
1377652152,1790764033,registered,2026-09-28T22:50:27Z,152,0
1377652154,1790764033,registered,2024-08-06T16:59:56Z,1252,0
1377652158,1790764034,registered,2019-07-12T01:27:50Z,42929,0
1377652160,1790764035,temporary,,,0
1377652161,1790764035,temporary,,,1
1377652164,1790764039,temporary,,,0
1377652167,1790764039,registered,2009-05-30T06:50:37Z,4363,0
1377652168,1790764040,registered,2025-07-07T12:26:52Z,699,0
1377652169,1790764040,registered,2013-02-17T05:04:54Z,2336,0
1377652172,1790764041,registered,2013-10-18T11:03:06Z,95942,0
1377652173,1790764041,registered,2025-06-15T08:30:40Z,1461,0
1377652174,1790764040,registered,2017-09-19T13:23:55Z,55691,0
1377652175,1790764042,temporary,,,1
1377652176,1790764042,temporary,,,0
1377652178,1790764043,registered,2019-04-21T18:46:24Z,35250,0
1377652180,1790764043,registered,2026-09-16T22:49:09Z,1087,0
1377652183,1790764049,registered,2026-09-08T09:59:20Z,1588,0
1377652185,1790764049,registered,2026-01-14T17:31:33Z,1649,0
1377652186,1790764051,registered,2026-05-12T12:12:59Z,250,0
1377652187,1790764051,registered,2026-09-27T07:49:21Z,16,0
1377652189,1790764049,temporary,,,1
1377652191,1790764052,registered,2013-02-17T05:04:54Z,2336,0
1377652192,1790764052,temporary,,,1
1377652196,1790764054,registered,2019-07-12T01:27:50Z,42929,0
1377652197,1790764055,registered,2008-08-28T06:01:50Z,120096,0
1377652201,1790764059,registered,2026-09-29T09:14:48Z,26,0
1377652204,1790764062,registered,2024-01-28T08:30:37Z,23048,0
1377652206,1790764061,registered,2017-09-19T13:23:55Z,55691,0
1377652207,1790764063,temporary,,,1
1377652210,1790764064,registered,2013-02-17T05:04:54Z,2336,0
1377652211,1790764066,registered,2026-09-16T22:49:09Z,1087,0
1377652213,1790764067,registered,2009-12-27T11:47:08Z,822402,0
1377652215,1790764069,registered,2026-09-08T09:59:20Z,1588,0
1377652221,1790764072,registered,2024-12-27T16:07:08Z,2453,0
1377652223,1790764073,temporary,,,0
1377652226,1790764075,temporary,,,0
1377652227,1790764077,registered,2013-02-17T05:04:54Z,2336,0
1377652229,1790764077,registered,2019-07-12T01:27:50Z,42929,0
1377652230,1790764078,registered,2025-12-30T16:41:42Z,21,0
1377652231,1790764079,registered,2024-01-28T08:30:37Z,23048,0
1377652233,1790764080,registered,2026-08-01T07:54:10Z,32,0
1377652236,1790764082,registered,2026-04-12T15:50:20Z,99,1
1377652239,1790764083,registered,2024-04-14T14:09:00Z,10027,0
1377652240,1790764084,registered,2022-08-10T19:24:43Z,9661,0
1377652241,1790764084,registered,2006-03-17T18:49:28Z,309,0
1377652242,1790764084,registered,2017-09-19T13:23:55Z,55691,0
1377652244,1790764085,registered,2026-09-30T10:02:01Z,11,1
1377652247,1790764086,registered,2026-09-17T20:52:00Z,153,0
1377652248,1790764088,registered,2025-12-06T14:16:12Z,1542,0
1377652249,1790764088,registered,2013-02-17T05:04:54Z,2336,0
1377652250,1790764082,registered,2019-09-02T16:25:00Z,371,0
1377652252,1790764087,temporary,,,0
1377652253,1790764089,temporary,,,0
1377652262,1790764096,registered,2024-01-28T08:30:37Z,23048,0
1377652264,1790764099,registered,2013-02-17T05:04:54Z,2336,0
1377652266,1790764101,registered,2025-07-09T06:46:26Z,30113,0
1377652271,1790764104,registered,2021-06-01T20:41:52Z,6223,0
1377652272,1790764104,registered,2026-09-26T18:06:19Z,116,0
1377652273,1790764105,registered,2026-09-29T09:14:48Z,26,0
1377652275,1790764106,temporary,,,0
1377652276,1790764105,registered,2017-09-19T13:23:55Z,55691,0
1377652279,1790764107,registered,2007-11-25T16:58:44Z,728279,0
1377652281,1790764108,registered,2013-09-26T12:40:23Z,57042,0
1377652282,1790764109,registered,2024-01-25T07:31:25Z,5425,0
1377652284,1790764111,registered,2013-02-17T05:04:54Z,2336,0
1377652286,1790764108,registered,2020-12-14T07:40:39Z,14017,0
1377652287,1790764112,registered,2007-11-01T15:33:50Z,746497,0
1377652288,1790764113,registered,2025-07-09T06:46:26Z,30113,0
1377652291,1790764116,registered,2026-08-09T07:56:39Z,958,0
1377652292,1790764117,registered,2009-05-30T06:50:37Z,4363,0
1377652295,1790764119,temporary,,,1
1377652300,1790764122,registered,2013-02-17T05:04:54Z,2336,0
1377652304,1790764125,registered,2008-08-28T06:01:50Z,120096,0
1377652307,1790764127,registered,2017-08-10T14:09:08Z,68,0
1377652308,1790764127,registered,2026-08-09T07:56:39Z,958,0
1377652309,1790764127,registered,2026-03-16T17:09:30Z,220,1
1377652310,1790764124,registered,2019-09-02T16:25:00Z,371,0
1377652311,1790764128,registered,2025-09-13T06:30:20Z,1353,0
1377652314,1790764129,registered,2024-02-12T06:36:37Z,16096,0
1377652316,1790764130,temporary,,,0
1377652317,1790764130,registered,2017-09-19T13:23:55Z,55691,0
1377652319,1790764132,registered,2013-11-16T22:03:38Z,3410,0
1377652320,1790764132,registered,2007-11-01T15:33:50Z,746497,0
1377652321,1790764132,temporary,,,0
1377652324,1790764133,registered,2010-09-30T22:39:08Z,229443,0
1377652326,1790764133,registered,2023-10-26T19:46:51Z,2551,0
1377652327,1790764134,registered,2013-02-17T05:04:54Z,2336,0
1377652328,1790764132,registered,2025-01-31T17:43:20Z,8161,0
1377652329,1790764131,registered,2005-02-20T09:21:16Z,1946,0
1377652332,1790764135,temporary,,,0
1377652334,1790764136,registered,2024-07-13T17:21:08Z,116,0
1377652336,1790764137,registered,2025-12-28T23:04:41Z,384,0
1377652337,1790764137,registered,2023-11-02T14:37:29Z,75,0
1377652339,1790764138,registered,2026-07-23T15:39:04Z,1433,0
1377652340,1790764138,registered,2026-04-13T09:52:14Z,364,0
1377652342,1790764139,registered,2026-01-14T17:31:33Z,1649,0
1377652344,1790764141,registered,2026-09-15T09:58:49Z,21,0
1377652347,1790764142,temporary,,,1
1377652349,1790764144,registered,2005-04-02T03:25:33Z,331,0
1377652351,1790764145,registered,2013-02-17T05:04:54Z,2336,0
1377652354,1790764147,registered,2022-05-12T13:03:29Z,27064,0
1377652356,1790764147,temporary,,,0
1377652358,1790764148,registered,2026-09-29T12:28:58Z,7,0
1377652359,1790764149,temporary,,,0
1377652360,1790764149,registered,2007-11-01T15:33:50Z,746497,0
1377652362,1790764149,registered,2026-08-09T07:56:39Z,958,0
1377652363,1790764151,registered,2014-01-02T19:20:06Z,656,0
1377652364,1790764150,registered,2009-12-27T11:47:08Z,822402,0
1377652365,1790764152,registered,2022-07-20T06:24:11Z,14749,0
1377652366,1790764152,registered,2020-12-14T07:40:39Z,14017,0
1377652367,1790764152,registered,2009-11-26T14:45:20Z,37175,1
1377652368,1790764152,temporary,,,0
1377652369,1790764151,temporary,,,1
1377652372,1790764154,registered,2008-08-28T06:01:50Z,120096,0
1377652375,1790764154,registered,2019-07-12T01:27:50Z,42929,0
1377652376,1790764157,registered,2013-02-17T05:04:54Z,2336,0
1377652377,1790764158,registered,2007-11-01T15:33:50Z,746497,0
1377652381,1790764157,temporary,,,0
1377652382,1790764160,registered,2021-07-31T07:41:48Z,13834,0
1377652383,1790764159,registered,2019-09-02T16:25:00Z,371,0
1377652387,1790764167,registered,2007-11-01T15:33:50Z,746497,0
1377652388,1790764167,registered,2023-11-02T14:37:29Z,75,0
1377652390,1790764168,registered,2026-05-07T07:03:57Z,207,0
1377652393,1790764168,temporary,,,1
1377652394,1790764169,registered,2013-02-17T05:04:54Z,2336,0
1377652396,1790764170,registered,2006-02-16T00:19:09Z,98702,0
1377652397,1790764170,registered,2006-10-03T14:38:22Z,170990,0
1377652399,1790764171,registered,2020-03-23T16:01:23Z,3703,0
1377652400,1790764172,registered,2024-07-13T17:21:08Z,116,0
1377652401,1790764172,registered,2024-12-27T16:07:08Z,2453,0
1377652403,1790764174,registered,2008-08-28T06:01:50Z,120096,0
1377652406,1790764174,registered,2013-10-18T11:03:06Z,95942,0
1377652408,1790764174,registered,2025-09-26T08:26:16Z,7879,0
1377652410,1790764178,registered,2003-01-04T00:03:38Z,93052,0
1377652414,1790764181,registered,2013-02-17T05:04:54Z,2336,0
1377652415,1790764182,registered,2026-09-26T18:06:19Z,116,0
1377652416,1790764183,registered,2007-11-01T15:33:50Z,746497,0
1377652418,1790764184,registered,2019-07-12T01:27:50Z,42929,0
1377652420,1790764185,registered,2026-01-14T17:31:33Z,1649,0
1377652421,1790764187,registered,2007-11-01T15:33:50Z,746497,0
1377652424,1790764188,registered,2019-09-02T16:25:00Z,371,0
1377652427,1790764190,registered,2005-10-04T03:53:50Z,588162,0
1377652428,1790764189,registered,2020-12-14T07:40:39Z,14017,0
1377652429,1790764189,registered,2017-09-19T13:23:55Z,55691,0
1377652432,1790764192,registered,2024-01-28T08:30:37Z,23048,1
1377652434,1790764192,registered,2013-02-17T05:04:54Z,2336,0
1377652436,1790764194,registered,2019-07-12T01:27:50Z,42929,0
1377652437,1790764195,registered,2015-03-19T03:53:10Z,11081,0
1377652440,1790764195,registered,2014-03-05T07:33:59Z,257,0
1377652441,1790764197,registered,2007-11-01T15:33:50Z,746497,0
1377652442,1790764198,registered,2007-03-04T12:01:40Z,59311,0
1377652444,1790764199,registered,2007-10-04T22:41:21Z,7198,0
1377652445,1790764199,registered,2026-09-08T22:30:27Z,124,0
1377652447,1790764200,registered,2020-12-14T07:40:39Z,14017,0
1377652448,1790764202,registered,2026-07-10T13:39:07Z,168,0
1377652450,1790764203,registered,2014-11-22T07:35:29Z,35658,0
1377652452,1790764201,registered,2021-02-06T12:59:08Z,8041,0
1377652454,1790764203,temporary,,,0
1377652455,1790764204,registered,2026-09-28T16:18:45Z,27,0
1377652456,1790764205,registered,2013-02-17T05:04:54Z,2336,0
1377652458,1790764204,registered,2019-07-12T01:27:50Z,42929,0
1377652461,1790764207,registered,2007-11-01T15:33:50Z,746497,0
1377652462,1790764207,registered,2017-06-06T08:45:57Z,41014,0
1377652463,1790764208,registered,2008-08-28T06:01:50Z,120096,0
1377652464,1790764209,registered,2026-02-21T15:05:07Z,7360,0
1377652465,1790764209,registered,2025-11-23T10:22:17Z,56,0
1377652467,1790764210,temporary,,,0
1377652469,1790764212,registered,2026-09-17T20:52:00Z,153,0
1377652471,1790764213,registered,2023-11-02T14:37:29Z,75,0
1377652472,1790764213,registered,2023-12-06T16:39:35Z,43003,0
1377652473,1790764214,registered,2013-10-18T11:03:06Z,95942,0
1377652474,1790764214,registered,2014-03-05T07:33:59Z,257,0
1377652475,1790764215,registered,2013-02-17T05:04:54Z,2336,0
1377652476,1790764218,registered,2009-05-17T04:33:15Z,177297,0
1377652477,1790764218,temporary,,,1
1377652478,1790764219,registered,2021-03-18T09:22:59Z,43551,0
1377652479,1790764219,registered,2023-05-11T00:43:32Z,7924,0
1377652481,1790764219,registered,2017-09-19T13:23:55Z,55691,0
1377652482,1790764219,bot,,,0
1377652483,1790764222,temporary,,,0
1377652485,1790764223,bot,,,0
1377652487,1790764225,bot,,,0
1377652488,1790764223,registered,2009-03-01T18:25:26Z,41512,0
1377652490,1790764227,registered,2013-02-17T05:04:54Z,2336,0
1377652491,1790764228,temporary,,,1
1377652493,1790764227,bot,,,0
1377652494,1790764229,registered,2025-03-01T03:02:24Z,3537,0
1377652495,1790764229,temporary,,,0
1377652496,1790764230,registered,2008-03-07T23:09:19Z,60341,0
1377652497,1790764229,temporary,,,1
1377652500,1790764231,registered,2026-01-14T17:31:33Z,1649,0
1377652501,1790764231,bot,,,0
1377652502,1790764231,temporary,,,0
1377652503,1790764232,registered,2006-03-17T18:49:28Z,309,0
1377652506,1790764233,registered,2020-08-18T14:44:50Z,1095,0
1377652507,1790764233,bot,,,0
1377652508,1790764236,temporary,,,0
1377652509,1790764236,registered,2009-05-17T04:33:15Z,177297,0
1377652511,1790764237,registered,2026-06-06T07:14:01Z,1429,1
1377652513,1790764238,registered,2024-01-25T07:31:25Z,5425,0
1377652515,1790764238,registered,2026-09-26T18:06:19Z,116,1
1377652516,1790764238,registered,2008-08-07T17:09:33Z,7619456,0
1377652517,1790764239,temporary,,,1
1377652518,1790764239,registered,2013-02-17T05:04:54Z,2336,0
1377652519,1790764239,temporary,,,0
1377652520,1790764236,bot,,,0
1377652521,1790764240,registered,2020-01-01T14:51:56Z,2619,0
1377652523,1790764241,registered,2025-06-07T18:56:22Z,529,0
1377652524,1790764243,registered,2012-10-08T04:05:24Z,1067,0
1377652525,1790764243,registered,2026-04-26T06:32:50Z,243,0
1377652527,1790764244,registered,2021-08-01T12:42:36Z,27,0
1377652528,1790764242,registered,2019-09-02T16:25:00Z,371,0
1377652531,1790764248,registered,2010-02-02T14:21:04Z,37208,0
1377652533,1790764248,registered,2022-08-30T20:08:19Z,9321,0
1377652534,1790764249,registered,2019-07-12T01:27:50Z,42929,0
1377652535,1790764251,registered,2026-09-07T10:43:12Z,241,0
1377652536,1790764251,registered,2013-02-17T05:04:54Z,2336,0
1377652537,1790764252,registered,2009-05-17T04:33:15Z,177297,0
1377652538,1790764254,registered,2009-12-08T13:16:23Z,38065,0
1377652540,1790764255,registered,2026-09-30T10:14:51Z,3,0
1377652542,1790764254,registered,2008-08-07T17:09:33Z,7619456,0
1377652543,1790764257,registered,2013-10-18T11:03:06Z,95942,0
1377652544,1790764256,registered,2017-09-19T13:23:55Z,55691,0
1377652545,1790764257,registered,2024-02-12T06:36:37Z,16096,1
1377652550,1790764260,registered,2019-07-12T01:27:50Z,42929,0
1377652552,1790764262,registered,2022-09-23T11:50:52Z,3536,0
1377652553,1790764263,registered,2025-02-08T12:47:33Z,3398,0
1377652554,1790764263,registered,2013-02-17T05:04:54Z,2336,0
1377652556,1790764266,registered,2009-11-26T14:45:20Z,37175,0
1377652557,1790764265,registered,2006-10-03T14:38:22Z,170990,0
1377652559,1790764268,temporary,,,0
1377652561,1790764269,temporary,,,0
1377652562,1790764270,registered,2026-09-08T22:30:27Z,124,0
1377652563,1790764270,registered,2009-05-17T04:33:15Z,177297,0
1377652565,1790764272,registered,2025-09-04T16:46:59Z,14,0
1377652566,1790764272,registered,2013-10-18T11:03:06Z,95942,0
1377652569,1790764272,registered,2026-09-10T08:09:03Z,4,0
1377652572,1790764273,registered,2020-02-13T11:55:57Z,5588,0
1377652574,1790764272,registered,2017-09-19T13:23:55Z,55691,0
1377652579,1790764275,registered,2013-02-17T05:04:54Z,2336,0
1377652581,1790764277,registered,2025-01-06T18:32:01Z,42,0
1377652582,1790764276,temporary,,,0
1377652583,1790764276,registered,2019-07-12T01:27:50Z,42929,0
1377652588,1790764279,registered,2024-01-28T08:30:37Z,23048,0
1377652590,1790764280,registered,2009-05-17T04:33:15Z,177297,0
1377652592,1790764281,registered,2009-12-27T11:47:08Z,822402,0
1377652597,1790764287,registered,2013-02-17T05:04:54Z,2336,0
1377652598,1790764286,registered,2026-09-26T18:06:19Z,116,1
1377652599,1790764286,registered,2017-09-19T13:23:55Z,55691,0
1377652605,1790764290,registered,2009-05-17T04:33:15Z,177297,0
1377652607,1790764291,registered,2024-12-27T16:07:08Z,2453,0
1377652608,1790764291,registered,2019-12-21T21:38:52Z,52417,0
1377652609,1790764291,registered,2019-10-28T19:37:21Z,103734,0
1377652610,1790764292,registered,2026-09-29T12:28:58Z,7,0
1377652623,1790764299,registered,2013-02-17T05:04:54Z,2336,0
1377652624,1790764300,registered,2024-01-25T07:31:25Z,5425,0
1377652628,1790764303,registered,2019-06-02T17:23:28Z,1050,0
1377652629,1790764303,registered,2017-09-19T13:23:55Z,55691,0
1377652630,1790764305,registered,2019-07-12T01:27:50Z,42929,0
1377652632,1790764306,registered,2009-05-17T04:33:15Z,177297,0
1377652633,1790764308,temporary,,,0
1377652637,1790764310,registered,2013-02-17T05:04:54Z,2336,0
1377652638,1790764311,registered,2013-09-26T12:40:23Z,57042,0
1377652640,1790764313,temporary,,,0
1377652641,1790764313,registered,2025-09-06T12:54:29Z,4223,0
1377652648,1790764316,temporary,,,1
1377652649,1790764317,registered,2012-05-10T08:17:25Z,36533,0
1377652653,1790764322,registered,2013-02-17T05:04:54Z,2336,0
1377652655,1790764323,registered,2026-07-23T15:39:04Z,1433,0
1377652658,1790764320,registered,2019-09-02T16:25:00Z,371,0
1377652660,1790764325,temporary,,,0
1377652662,1790764327,registered,2019-07-12T01:27:50Z,42929,0
1377652663,1790764327,registered,2013-10-18T11:03:06Z,95942,0
1377652664,1790764327,registered,2022-08-30T20:08:19Z,9321,0
1377652666,1790764330,registered,2009-03-01T18:25:26Z,41512,0
1377652668,1790764330,registered,2016-10-31T15:28:25Z,25009,0
1377652670,1790764330,registered,2019-07-12T01:27:50Z,42929,0
1377652671,1790764331,registered,2008-08-29T05:19:23Z,132984,0
1377652672,1790764331,registered,2002-02-25T15:43:11Z,173660,0
1377652673,1790764332,registered,2008-05-18T11:52:03Z,80772,0
1377652675,1790764332,temporary,,,0
1377652678,1790764334,registered,2013-02-17T05:04:54Z,2336,0
1377652679,1790764335,registered,2012-12-31T13:45:59Z,80549,0
1377652681,1790764337,temporary,,,1
1377652682,1790764338,registered,2025-05-12T17:29:24Z,7541,0
1377652687,1790764340,registered,2024-12-27T16:07:08Z,2453,0
1377652688,1790764342,registered,2024-01-28T08:30:37Z,23048,0
1377652689,1790764342,registered,2021-08-01T12:42:36Z,27,0
1377652691,1790764341,registered,2019-07-12T01:27:50Z,42929,0
1377652692,1790764342,temporary,,,0
1377652693,1790764342,temporary,,,0
1377652695,1790764344,temporary,,,0
1377652697,1790764344,registered,2012-10-08T04:05:24Z,1067,0
1377652698,1790764344,registered,2023-10-26T19:46:51Z,2551,0
1377652701,1790764346,registered,2013-02-17T05:04:54Z,2336,0
1377652703,1790764348,registered,2010-09-30T22:39:08Z,229443,0
1377652705,1790764349,registered,2014-11-30T11:41:27Z,765,0
1377652706,1790764349,temporary,,,0
1377652711,1790764351,registered,2013-10-18T11:03:06Z,95942,0
1377652713,1790764352,temporary,,,0
1377652715,1790764353,registered,2026-09-29T10:25:49Z,21,0
1377652716,1790764353,registered,2010-11-27T03:44:48Z,50742,0
1377652717,1790764353,registered,2009-05-17T04:33:15Z,177297,0
1377652720,1790764353,temporary,,,1
1377652721,1790764355,registered,2026-09-29T09:14:48Z,26,0
1377652723,1790764355,registered,2025-05-12T17:29:24Z,7541,0
1377652724,1790764354,bot,,,0
1377652726,1790764357,registered,2026-09-30T10:31:55Z,1,1
1377652727,1790764357,registered,2022-09-23T11:50:52Z,3536,0
1377652728,1790764357,registered,2009-05-17T04:33:15Z,177297,0
1377652729,1790764358,registered,2007-02-16T15:47:27Z,11766,0
1377652730,1790764358,registered,2013-02-17T05:04:54Z,2336,0
1377652731,1790764358,registered,2026-08-09T07:56:39Z,958,0
1377652733,1790764359,registered,2026-09-30T10:24:55Z,1,0
1377652737,1790764358,temporary,,,0
1377652739,1790764360,temporary,,,0
1377652740,1790764362,temporary,,,0
1377652741,1790764361,registered,2009-12-27T11:47:08Z,822402,0
1377652745,1790764366,registered,2024-12-24T00:04:32Z,5,1
1377652748,1790764368,registered,2024-01-25T07:31:25Z,5425,0
1377652749,1790764369,registered,2013-02-17T05:04:54Z,2336,0
1377652750,1790764369,temporary,,,1
1377652755,1790764371,registered,2019-07-12T01:27:50Z,42929,0
1377652760,1790764374,temporary,,,1
1377652761,1790764376,registered,2026-09-30T10:29:59Z,1,0
1377652762,1790764376,registered,2016-09-19T20:40:11Z,1273,0
1377652764,1790764376,registered,2010-10-20T17:01:19Z,6697561,0
1377652766,1790764377,temporary,,,0
1377652768,1790764380,registered,2025-02-08T12:47:33Z,3398,0
1377652769,1790764380,temporary,,,0
1377652770,1790764381,registered,2013-02-17T05:04:54Z,2336,0
1377652772,1790764382,temporary,,,1
1377652773,1790764382,registered,2009-11-26T14:45:20Z,37175,0
1377652775,1790764383,registered,2024-01-25T07:31:25Z,5425,0
1377652776,1790764385,registered,2024-08-06T16:59:56Z,1252,0
1377652778,1790764385,temporary,,,1
1377652780,1790764388,registered,2023-05-11T00:43:32Z,7924,0
1377652782,1790764389,temporary,,,0
1377652783,1790764390,registered,2023-03-22T16:49:57Z,749,0
1377652784,1790764389,temporary,,,0
1377652787,1790764391,temporary,,,0
1377652788,1790764393,registered,2026-09-29T09:14:48Z,26,0
1377652789,1790764393,registered,2013-02-17T05:04:54Z,2336,0
1377652792,1790764394,registered,2010-01-14T07:06:53Z,34,0
1377652797,1790764399,registered,2024-04-23T16:16:35Z,51,0
1377652798,1790764399,temporary,,,1
1377652799,1790764401,registered,2012-11-14T00:46:21Z,25569,0
1377652803,1790764404,registered,2021-03-18T09:22:59Z,43551,0
1377652804,1790764405,temporary,,,0
1377652805,1790764405,registered,2013-02-17T05:04:54Z,2336,0
1377652808,1790764406,temporary,,,1
1377652809,1790764406,registered,2024-07-28T13:18:48Z,4702,0
1377652811,1790764408,registered,2019-07-12T01:27:50Z,42929,0
1377652812,1790764409,registered,2005-05-16T12:21:12Z,74246,0
1377652813,1790764410,registered,2009-08-20T15:23:42Z,532188,0
1377652816,1790764410,temporary,,,1
1377652817,1790764412,registered,2019-07-12T01:27:50Z,42929,0
1377652819,1790764416,registered,2026-05-06T02:47:29Z,445,0
1377652820,1790764416,registered,2025-09-06T12:54:29Z,4223,0
1377652821,1790764416,registered,2013-02-17T05:04:54Z,2336,0
1377652823,1790764419,temporary,,,1
1377652826,1790764421,registered,2026-09-28T16:18:45Z,27,0
1377652827,1790764420,temporary,,,0
1377652828,1790764423,registered,2009-05-30T06:50:37Z,4363,0
1377652829,1790764424,registered,2002-02-25T15:43:11Z,173660,0
1377652831,1790764427,temporary,,,0
1377652832,1790764429,registered,2013-02-17T05:04:54Z,2336,0
1377652833,1790764432,temporary,,,0
1377652836,1790764436,registered,2009-11-26T14:45:20Z,37175,0
1377652839,1790764439,registered,2025-09-09T15:21:35Z,1301,0
1377652840,1790764438,registered,2025-10-12T09:45:40Z,6140,0
1377652841,1790764440,registered,2013-10-18T11:03:06Z,95942,0
1377652842,1790764440,registered,2019-04-21T18:46:24Z,35250,0
1377652843,1790764440,registered,2017-09-19T13:23:55Z,55691,0
1377652845,1790764441,registered,2013-02-17T05:04:54Z,2336,0
1377652848,1790764441,registered,2026-09-29T09:14:48Z,26,0
1377652850,1790764442,registered,2020-03-23T16:01:23Z,3703,0
1377652852,1790764444,registered,2019-07-12T01:27:50Z,42929,0
1377652853,1790764444,registered,2026-09-26T18:06:19Z,116,1
1377652856,1790764448,registered,2025-11-17T06:23:56Z,470,0
1377652858,1790764451,temporary,,,0
1377652859,1790764452,registered,2024-07-28T13:18:48Z,4702,0
1377652860,1790764453,registered,2013-02-17T05:04:54Z,2336,0
1377652861,1790764453,registered,2026-09-17T20:52:00Z,153,0
1377652864,1790764456,registered,2014-03-05T07:33:59Z,257,0
1377652865,1790764459,temporary,,,0
1377652866,1790764460,registered,2020-05-15T10:19:52Z,925,1
1377652869,1790764462,temporary,,,0
1377652870,1790764462,temporary,,,0
1377652872,1790764464,registered,2013-02-17T05:04:54Z,2336,0
1377652874,1790764466,registered,2021-11-28T05:30:30Z,29754,0
1377652875,1790764467,registered,2012-10-08T04:05:24Z,1067,0
1377652876,1790764468,registered,2012-05-10T08:17:25Z,36533,0
1377652878,1790764469,registered,2018-12-22T15:51:55Z,9181,0
1377652879,1790764469,registered,2004-01-16T00:29:51Z,240259,0
1377652880,1790764470,registered,2024-03-04T13:13:51Z,809,0
1377652881,1790764470,registered,2019-07-12T01:27:50Z,42929,0
1377652885,1790764474,registered,2006-02-13T01:12:55Z,171320,0
1377652886,1790764475,temporary,,,0
1377652887,1790764476,registered,2025-03-14T21:43:43Z,3565,0
1377652888,1790764476,registered,2013-02-17T05:04:54Z,2336,0
1377652890,1790764478,registered,2025-05-18T16:57:15Z,312,0
1377652891,1790764478,registered,2013-10-18T11:03:06Z,95942,0
1377652892,1790764480,registered,2024-01-28T08:30:37Z,23048,0
1377652893,1790764482,registered,2005-04-02T03:25:33Z,331,0
1377652895,1790764481,registered,2026-02-21T15:05:07Z,7360,0
1377652896,1790764483,registered,2018-09-11T06:19:59Z,5800,0
1377652897,1790764483,registered,2026-05-29T17:38:07Z,1222,0
1377652898,1790764483,registered,2026-09-10T08:09:03Z,4,0
1377652900,1790764483,temporary,,,0
1377652901,1790764484,registered,2019-07-12T01:27:50Z,42929,0
1377652903,1790764486,registered,2026-09-16T22:49:09Z,1087,0
1377652904,1790764486,registered,2022-08-31T17:22:11Z,21,0
1377652905,1790764488,registered,2013-02-17T05:04:54Z,2336,0
1377652906,1790764489,registered,2019-07-12T01:27:50Z,42929,0
1377652907,1790764490,registered,2012-10-08T04:05:24Z,1067,0
1377652908,1790764490,registered,2026-09-26T18:06:19Z,116,1
1377652909,1790764489,temporary,,,1
1377652910,1790764488,registered,2018-01-14T06:28:31Z,14044,0
1377652911,1790764491,temporary,,,1
1377652912,1790764491,registered,2026-04-13T09:52:14Z,364,0
1377652914,1790764493,registered,2010-11-27T03:44:48Z,50742,0
1377652915,1790764493,registered,2026-09-29T12:33:45Z,12,0
1377652916,1790764495,temporary,,,0
1377652917,1790764495,registered,2019-07-12T01:27:50Z,42929,0
1377652919,1790764498,registered,2024-01-28T08:30:37Z,23048,0
1377652920,1790764498,registered,2011-11-20T14:36:43Z,132173,0
1377652921,1790764500,registered,2013-02-17T05:04:54Z,2336,0
1377652922,1790764500,temporary,,,0
1377652923,1790764502,registered,2010-01-14T07:06:53Z,34,0
1377652924,1790764502,registered,2005-10-04T03:53:50Z,588162,0
1377652925,1790764503,registered,2026-09-16T22:49:09Z,1087,0
1377652926,1790764504,registered,2024-01-25T07:31:25Z,5425,0
1377652929,1790764505,temporary,,,0
1377652930,1790764506,registered,2023-05-11T00:43:32Z,7924,0
1377652931,1790764506,registered,2019-07-12T01:27:50Z,42929,0
1377652932,1790764506,temporary,,,0
1377652933,1790764508,registered,2013-06-24T20:15:36Z,5,0
1377652934,1790764509,registered,2022-07-25T14:27:25Z,4755,0
1377652935,1790764509,registered,2022-09-23T11:50:52Z,3536,0
1377652937,1790764509,registered,2014-01-02T19:20:06Z,656,0
1377652938,1790764511,registered,2014-03-05T07:33:59Z,257,0
1377652939,1790764512,registered,2012-10-08T04:05:24Z,1067,0
1377652940,1790764512,registered,2013-02-17T05:04:54Z,2336,0
1377652941,1790764511,registered,2019-07-12T01:27:50Z,42929,0
1377652943,1790764513,registered,2025-05-11T15:38:56Z,15152,0
1377652944,1790764513,registered,2024-01-28T08:30:37Z,23048,0
1377652945,1790764514,temporary,,,1
1377652946,1790764514,registered,2019-03-30T20:15:20Z,50039,0
1377652948,1790764518,registered,2013-10-18T11:03:06Z,95942,0
1377652949,1790764520,registered,2022-07-25T14:27:25Z,4755,0
1377652950,1790764520,temporary,,,0
1377652951,1790764520,bot,,,0
1377652952,1790764521,temporary,,,0
1377652953,1790764522,registered,2026-02-07T05:41:01Z,407,0
1377652954,1790764522,registered,2012-05-10T08:17:25Z,36533,0
1377652955,1790764523,registered,2009-05-17T04:33:15Z,177297,0
1377652956,1790764524,registered,2002-02-25T15:43:11Z,173660,0
1377652957,1790764524,registered,2023-02-01T18:17:07Z,2261,0
1377652958,1790764524,registered,2026-09-16T22:49:09Z,1087,0
1377652959,1790764524,registered,2013-02-17T05:04:54Z,2336,0
1377652960,1790764525,registered,2010-07-01T06:59:29Z,102,0
1377652961,1790764524,temporary,,,0
1377652962,1790764527,bot,,,0
1377652964,1790764529,temporary,,,1
1377652967,1790764530,registered,2026-09-28T22:50:27Z,152,0
1377652969,1790764532,registered,2020-02-13T11:55:57Z,5588,0
1377652970,1790764533,temporary,,,0
1377652971,1790764529,registered,2014-09-20T08:41:47Z,44546,0
1377652973,1790764536,registered,2013-02-17T05:04:54Z,2336,0
1377652974,1790764535,registered,2026-08-17T14:41:41Z,15,0
1377652975,1790764530,registered,2018-01-15T13:17:49Z,2862,0
1377652978,1790764540,temporary,,,0
1377652979,1790764540,registered,2026-08-09T07:56:39Z,958,0
1377652980,1790764542,registered,2005-12-16T23:00:07Z,28541,0
1377652981,1790764543,temporary,,,0
1377652982,1790764544,registered,2026-09-30T10:28:08Z,1,0
1377652983,1790764545,registered,2026-09-27T07:49:21Z,16,0
1377652984,1790764546,temporary,,,1
1377652987,1790764546,registered,2019-03-30T20:15:20Z,50039,0
1377652988,1790764548,registered,2019-07-12T01:27:50Z,42929,0
1377652989,1790764548,registered,2013-02-17T05:04:54Z,2336,0
1377652990,1790764549,registered,2009-11-26T14:45:20Z,37175,0
1377652991,1790764548,temporary,,,0
1377652992,1790764549,registered,2026-06-06T07:14:01Z,1429,1
1377652993,1790764550,temporary,,,0
1377652994,1790764552,registered,2023-08-10T10:37:08Z,157,0
1377652995,1790764551,bot,,,0
1377652998,1790764555,registered,2019-07-12T01:27:50Z,42929,0
1377652999,1790764556,registered,2019-06-14T20:22:03Z,28129,0
1377653002,1790764558,temporary,,,1
1377653004,1790764559,registered,2009-12-27T11:47:08Z,822402,0
1377653005,1790764559,registered,2019-07-12T01:27:50Z,42929,0
1377653006,1790764560,registered,2013-02-17T05:04:54Z,2336,0
1377653007,1790764561,registered,2022-07-25T14:27:25Z,4755,0
1377653008,1790764560,temporary,,,1
1377653009,1790764560,registered,2021-02-06T12:59:08Z,8041,0
1377653011,1790764563,registered,2026-03-16T17:09:30Z,220,1
1377653012,1790764566,temporary,,,1
1377653013,1790764567,registered,2006-02-16T00:19:09Z,98702,0
1377653017,1790764572,registered,2013-02-17T05:04:54Z,2336,0
1377653019,1790764576,registered,2019-07-12T01:27:50Z,42929,0
1377653020,1790764577,registered,2025-09-06T12:54:29Z,4223,0
1377653021,1790764577,temporary,,,1
1377653022,1790764577,registered,2015-07-27T22:13:55Z,11513,0
1377653023,1790764578,registered,2026-09-17T10:39:06Z,23,0
1377653026,1790764580,registered,2009-05-17T04:33:15Z,177297,0
1377653027,1790764580,registered,2017-06-06T08:45:57Z,41014,0
1377653028,1790764581,registered,2025-08-15T23:25:53Z,92,0
1377653029,1790764581,registered,2011-07-06T10:33:38Z,68515,0
1377653030,1790764581,registered,2007-11-16T19:49:13Z,49539,0
1377653031,1790764582,registered,2005-12-16T23:00:07Z,28541,0
1377653033,1790764583,registered,2023-01-14T16:42:03Z,31275,0
1377653034,1790764582,registered,2019-07-12T01:27:50Z,42929,0
1377653035,1790764584,registered,2002-02-25T15:43:11Z,173660,0
1377653036,1790764584,registered,2013-02-17T05:04:54Z,2336,0
1377653037,1790764586,registered,2022-07-25T14:27:25Z,4755,0
1377653038,1790764586,bot,,,0
1377653039,1790764588,registered,2026-09-01T19:47:45Z,14,1
1377653040,1790764586,temporary,,,0
1377653041,1790764588,registered,2026-09-29T12:40:41Z,10,0
1377653042,1790764590,registered,2023-10-26T19:46:51Z,2551,0
1377653043,1790764590,registered,2024-01-25T07:31:25Z,5425,0
1377653044,1790764591,registered,2019-03-30T20:15:20Z,50039,0
1377653045,1790764591,registered,2019-06-14T20:22:03Z,28129,0
1377653046,1790764590,temporary,,,0
1377653047,1790764590,registered,2009-12-27T11:47:08Z,822402,0
1377653048,1790764593,registered,2024-12-27T16:07:08Z,2453,0
1377653049,1790764593,bot,,,0
1377653050,1790764594,registered,2014-11-22T07:35:29Z,35658,0
1377653051,1790764594,registered,2024-01-28T08:30:37Z,23048,0
1377653053,1790764596,registered,2013-02-17T05:04:54Z,2336,0
1377653054,1790764597,registered,2013-10-18T11:03:06Z,95942,0
1377653055,1790764597,temporary,,,1
1377653056,1790764597,registered,2026-09-30T10:33:24Z,28,0
1377653063,1790764600,temporary,,,0
1377653065,1790764601,registered,2019-07-12T01:27:50Z,42929,0
1377653066,1790764604,registered,2017-06-06T08:45:57Z,41014,0
1377653067,1790764604,temporary,,,0
1377653069,1790764606,registered,2024-01-28T08:30:37Z,23048,0
1377653070,1790764606,registered,2008-01-21T08:47:34Z,40125,0
1377653071,1790764606,registered,2018-02-01T17:23:48Z,99947,0
1377653072,1790764606,registered,2024-01-25T07:31:25Z,5425,0
1377653073,1790764606,temporary,,,0
1377653074,1790764607,registered,2021-06-26T05:54:39Z,95,0
1377653075,1790764608,registered,2013-02-17T05:04:54Z,2336,0
1377653076,1790764608,temporary,,,1
1377653077,1790764609,registered,2026-09-28T22:50:27Z,152,0
1377653078,1790764610,registered,2002-02-25T15:43:11Z,173660,0
1377653079,1790764611,registered,2012-10-22T03:38:51Z,5593,0
1377653080,1790764611,registered,2026-08-11T08:50:46Z,1740,0
1377653081,1790764610,registered,2025-05-18T16:57:15Z,312,0
1377653082,1790764613,registered,2026-09-27T07:49:21Z,16,0
1377653083,1790764615,registered,2021-11-16T17:18:46Z,9603,0
1377653086,1790764619,registered,2024-04-23T16:16:35Z,51,0
1377653088,1790764620,registered,2006-11-05T16:12:02Z,337853,0
1377653089,1790764620,registered,2013-02-17T05:04:54Z,2336,0
1377653090,1790764619,registered,2012-07-22T08:17:56Z,94975,1
1377653091,1790764619,temporary,,,0
1377653092,1790764621,registered,2019-12-21T21:38:52Z,52417,0
1377653093,1790764623,registered,2026-08-09T07:56:39Z,958,0
1377653095,1790764622,temporary,,,0
1377653096,1790764624,registered,2021-01-19T19:18:04Z,8208,0
1377653097,1790764625,registered,2019-06-14T20:22:03Z,28129,0
1377653098,1790764625,registered,2025-07-27T23:48:09Z,175,0
1377653099,1790764623,registered,2020-02-15T16:44:04Z,26720,0
1377653101,1790764626,registered,2024-01-28T08:30:37Z,23048,0
1377653103,1790764626,temporary,,,1
1377653104,1790764624,registered,2024-11-18T03:32:50Z,77,0
1377653106,1790764628,registered,2004-11-03T11:58:35Z,23297,0
1377653109,1790764628,registered,2019-07-12T01:27:50Z,42929,0
1377653112,1790764631,registered,2020-12-14T07:40:39Z,14017,0
1377653114,1790764631,registered,2013-02-17T05:04:54Z,2336,0
1377653117,1790764633,registered,2016-06-13T16:43:18Z,5435,0
1377653118,1790764633,temporary,,,0
1377653119,1790764633,temporary,,,0
1377653121,1790764635,registered,2022-12-11T11:58:59Z,16651,0
1377653123,1790764636,registered,2008-12-09T08:29:47Z,25727,0
1377653124,1790764638,registered,2019-12-21T21:38:52Z,52417,0
1377653126,1790764637,registered,2022-09-18T12:35:43Z,10656,0
1377653127,1790764638,temporary,,,0
1377653128,1790764639,registered,2025-09-09T15:21:35Z,1301,0
1377653132,1790764641,temporary,,,1
1377653133,1790764643,registered,2013-02-17T05:04:54Z,2336,0
1377653134,1790764644,registered,2024-01-28T08:30:37Z,23048,0
1377653136,1790764645,registered,2009-03-01T18:25:26Z,41512,0
1377653138,1790764646,registered,2011-07-06T10:33:38Z,68515,0
1377653139,1790764646,registered,2026-09-28T16:18:45Z,27,0
1377653141,1790764646,registered,2026-09-28T12:05:05Z,38,0
1377653142,1790764648,registered,2017-07-13T06:57:49Z,35132,0
1377653144,1790764648,registered,2019-07-12T01:27:50Z,42929,0
1377653145,1790764649,temporary,,,0
1377653146,1790764650,registered,2020-12-14T07:40:39Z,14017,0
1377653148,1790764651,registered,2023-03-04T20:09:33Z,7778,0
1377653150,1790764651,temporary,,,0
1377653151,1790764652,registered,2017-09-19T13:23:55Z,55691,0
1377653153,1790764653,registered,2021-06-26T09:55:02Z,4077,0
1377653156,1790764655,registered,2013-02-17T05:04:54Z,2336,0
1377653157,1790764656,registered,2009-07-15T07:14:48Z,21242,0
1377653158,1790764656,registered,2018-02-01T17:23:48Z,99947,0
1377653160,1790764658,registered,2021-06-26T05:54:39Z,95,0
1377653162,1790764661,registered,2024-12-21T17:09:34Z,2937,0
1377653165,1790764662,registered,2022-07-20T06:24:11Z,14749,0
1377653166,1790764663,registered,2013-10-18T11:03:06Z,95942,0
1377653169,1790764665,registered,2024-02-21T16:12:51Z,1312,0
1377653171,1790764658,registered,2020-12-14T07:40:39Z,14017,0
1377653172,1790764667,registered,2013-02-17T05:04:54Z,2336,0
1377653173,1790764668,registered,2026-09-30T10:03:55Z,2,1
1377653174,1790764668,registered,2026-09-27T07:49:21Z,16,0
1377653175,1790764669,registered,2025-12-06T14:16:12Z,1542,0
1377653177,1790764669,registered,2025-05-11T15:38:56Z,15152,0
1377653178,1790764670,registered,2020-12-14T07:40:39Z,14017,0
1377653180,1790764670,temporary,,,0
1377653181,1790764671,registered,2014-06-04T23:24:08Z,9,0
1377653183,1790764671,registered,2026-09-26T18:06:19Z,116,1
1377653184,1790764672,registered,2026-09-29T09:14:48Z,26,0
1377653185,1790764667,registered,2018-01-15T13:17:49Z,2862,0
1377653187,1790764671,temporary,,,1
1377653188,1790764674,registered,2025-03-14T21:43:43Z,3565,0
1377653189,1790764674,registered,2024-12-15T16:10:30Z,1734,0
1377653190,1790764673,temporary,,,0
1377653191,1790764674,temporary,,,1
1377653193,1790764676,registered,2025-07-07T12:26:52Z,699,0
1377653195,1790764677,registered,2017-06-06T08:45:57Z,41014,0
1377653196,1790764677,registered,2020-12-14T07:40:39Z,14017,0
1377653199,1790764679,registered,2013-02-17T05:04:54Z,2336,0
1377653200,1790764679,registered,2023-05-17T18:43:07Z,2071,0
1377653203,1790764681,bot,,,0
1377653204,1790764682,registered,2019-07-12T01:27:50Z,42929,0
1377653206,1790764685,registered,2025-06-04T08:44:44Z,350,0
1377653208,1790764685,registered,2025-11-17T06:23:56Z,470,0
1377653209,1790764685,registered,2025-11-16T18:40:07Z,40,0
1377653211,1790764688,registered,2026-09-28T09:29:48Z,99,0
1377653212,1790764688,registered,2024-01-25T07:31:25Z,5425,0
1377653214,1790764689,registered,2026-09-01T19:47:45Z,14,1
1377653216,1790764690,registered,2024-01-28T08:30:37Z,23048,0
1377653217,1790764690,registered,2024-08-06T16:59:56Z,1252,0
1377653218,1790764691,bot,,,0
1377653220,1790764691,registered,2013-02-17T05:04:54Z,2336,0
1377653222,1790764693,registered,2017-07-13T06:57:49Z,35132,0
1377653225,1790764694,registered,2002-02-25T15:43:11Z,173660,0
1377653226,1790764695,registered,2019-10-28T19:37:21Z,103734,0
1377653227,1790764696,registered,2026-04-13T09:52:14Z,364,0
1377653228,1790764695,temporary,,,0
1377653230,1790764696,registered,2025-02-08T18:56:59Z,7699,0
1377653231,1790764697,temporary,,,0
1377653234,1790764698,temporary,,,0
1377653235,1790764699,temporary,,,0
1377653237,1790764701,bot,,,0
1377653238,1790764702,registered,2010-09-30T22:39:08Z,229443,0
1377653240,1790764703,registered,2013-02-17T05:04:54Z,2336,0
1377653241,1790764704,registered,2024-01-25T07:31:25Z,5425,0
1377653243,1790764706,registered,2021-06-26T05:54:39Z,95,0
1377653245,1790764707,registered,2022-09-01T19:10:57Z,6061,0
1377653247,1790764706,temporary,,,0
1377653248,1790764709,registered,2024-01-28T08:30:37Z,23048,0
1377653250,1790764711,bot,,,0
1377653253,1790764715,registered,2009-12-08T09:51:52Z,56969,0
1377653254,1790764715,registered,2007-11-16T19:49:13Z,49539,0
1377653255,1790764715,registered,2013-02-17T05:04:54Z,2336,0
1377653260,1790764718,registered,2024-11-21T19:49:41Z,2729,0
1377653262,1790764719,registered,2026-09-29T09:14:48Z,26,0
1377653264,1790764721,registered,2022-12-11T11:58:59Z,16651,0
1377653265,1790764721,bot,,,0
1377653267,1790764722,registered,2016-09-05T11:53:21Z,21141,0
1377653270,1790764725,registered,2019-04-21T18:46:24Z,35250,0
1377653271,1790764725,registered,2007-03-04T12:01:40Z,59311,0
1377653272,1790764726,registered,2023-09-11T02:08:42Z,6513,0
1377653274,1790764727,registered,2013-02-17T05:04:54Z,2336,0
1377653276,1790764728,registered,2017-07-13T06:57:49Z,35132,0
1377653280,1790764730,registered,2014-06-04T23:24:08Z,9,0
1377653281,1790764731,bot,,,0
1377653282,1790764730,registered,2026-09-30T10:33:24Z,28,1
1377653284,1790764732,registered,2009-03-04T02:43:36Z,150743,0
1377653285,1790764734,registered,2009-05-17T04:33:15Z,177297,0
1377653288,1790764735,registered,2022-09-18T12:35:43Z,10656,0
1377653289,1790764735,registered,2013-10-18T11:03:06Z,95942,0
1377653292,1790764737,registered,2025-02-08T12:47:33Z,3398,0
1377653293,1790764737,registered,2021-11-16T17:18:46Z,9603,0
1377653294,1790764737,registered,2024-01-28T08:30:37Z,23048,0
1377653298,1790764739,registered,2013-02-17T05:04:54Z,2336,0
1377653299,1790764741,bot,,,0
1377653300,1790764740,registered,2016-01-01T20:40:25Z,281820,0
1377653301,1790764740,bot,,,1
1377653302,1790764742,registered,2019-07-12T01:27:50Z,42929,0
1377653305,1790764745,registered,2016-10-20T04:48:30Z,1403,0
1377653308,1790764745,temporary,,,1
1377653311,1790764746,temporary,,,1
1377653313,1790764748,registered,2014-06-04T23:24:08Z,9,0
1377653315,1790764749,registered,2026-08-02T15:37:12Z,159,0
1377653318,1790764751,bot,,,0
1377653320,1790764751,registered,2026-09-16T22:49:09Z,1087,0
1377653321,1790764753,registered,2016-10-31T15:28:25Z,25009,0
1377653323,1790764753,registered,2026-09-27T07:49:21Z,16,0
1377653324,1790764753,registered,2013-02-17T05:04:54Z,2336,0
1377653325,1790764752,registered,2006-01-08T04:25:14Z,225774,0
1377653327,1790764755,registered,2026-09-08T09:59:20Z,1588,0
1377653328,1790764755,registered,2023-05-11T00:43:32Z,7924,0
1377653329,1790764756,registered,2017-03-30T13:46:45Z,3056,0
1377653333,1790764758,registered,2009-12-08T09:51:52Z,56969,0
1377653334,1790764759,registered,2017-06-17T08:09:42Z,534,0
1377653336,1790764761,bot,,,0
1377653337,1790764760,temporary,,,0
1377653340,1790764761,temporary,,,0
1377653341,1790764762,registered,2022-09-18T20:33:15Z,315,0
1377653342,1790764762,registered,2024-10-11T23:01:15Z,111,0
1377653343,1790764761,registered,2018-12-20T15:09:20Z,6776,0
1377653345,1790764765,registered,2013-02-17T05:04:54Z,2336,0
1377653346,1790764764,registered,2018-01-21T11:08:02Z,38261,0
1377653347,1790764765,registered,2025-08-11T11:24:10Z,9,1
1377653349,1790764765,registered,2023-10-26T19:46:51Z,2551,0
1377653352,1790764767,registered,2009-05-17T04:33:15Z,177297,0
1377653354,1790764769,registered,2009-12-27T11:47:08Z,822402,0
1377653355,1790764770,registered,2009-03-04T02:43:36Z,150743,0
1377653356,1790764770,registered,2026-09-16T22:49:09Z,1087,0
1377653357,1790764770,registered,2026-09-26T18:06:19Z,116,1
1377653358,1790764771,bot,,,0
1377653359,1790764771,registered,2026-05-12T12:12:59Z,250,0
1377653364,1790764774,temporary,,,0
1377653365,1790764776,registered,2013-02-17T05:04:54Z,2336,0
1377653366,1790764775,registered,2013-10-18T11:03:06Z,95942,0
1377653368,1790764776,registered,2007-02-16T15:47:27Z,11766,0
1377653370,1790764777,registered,2026-01-16T11:01:33Z,797,0
1377653372,1790764779,registered,2019-07-12T01:27:50Z,42929,0
1377653373,1790764780,registered,2021-06-26T09:55:02Z,4077,0
1377653375,1790764780,temporary,,,0
1377653376,1790764781,bot,,,0
1377653377,1790764781,registered,2023-09-29T02:12:36Z,1459,0
1377653379,1790764782,temporary,,,0
1377653383,1790764787,registered,2013-02-17T05:04:54Z,2336,0
1377653384,1790764787,registered,2026-09-29T12:41:06Z,2,0
1377653392,1790764791,bot,,,0
1377653393,1790764791,registered,2026-09-30T10:33:24Z,28,1
1377653394,1790764791,registered,2026-06-05T14:01:05Z,546,0
1377653396,1790764793,registered,2024-09-15T11:56:52Z,495,0
1377653400,1790764798,registered,2013-02-17T05:04:54Z,2336,0
1377653401,1790764797,registered,2022-07-16T03:06:49Z,35992,0
1377653402,1790764799,temporary,,,1
1377653403,1790764799,registered,2023-05-11T00:43:32Z,7924,0
1377653405,1790764799,registered,2017-09-19T13:23:55Z,55691,0
1377653406,1790764801,bot,,,0
1377653407,1790764801,registered,2009-03-04T02:43:36Z,150743,0
1377653409,1790764803,registered,2019-10-24T17:29:58Z,3610,0
1377653412,1790764804,registered,2020-05-15T10:19:52Z,925,1
1377653413,1790764803,registered,2009-02-19T13:06:16Z,192676,0
1377653414,1790764806,registered,2009-05-17T04:33:15Z,177297,0
1377653416,1790764806,registered,2023-03-04T20:09:33Z,7778,0
1377653419,1790764808,temporary,,,0
1377653421,1790764809,registered,2012-06-16T15:40:57Z,2386,0
1377653422,1790764809,temporary,,,0
1377653423,1790764810,registered,2013-02-17T05:04:54Z,2336,0
1377653425,1790764811,bot,,,0
1377653426,1790764811,registered,2007-11-01T15:33:50Z,746497,0
1377653429,1790764812,bot,,,0
1377653433,1790764816,registered,2026-06-05T14:01:05Z,546,0
1377653435,1790764818,registered,2017-06-06T08:45:57Z,41014,0
1377653436,1790764817,registered,2024-07-11T11:07:14Z,6608,0
1377653440,1790764819,registered,2002-02-25T15:43:11Z,173660,0
1377653442,1790764821,registered,2023-07-04T15:07:58Z,9002,0
1377653443,1790764820,registered,2016-01-01T20:40:25Z,281820,0
1377653445,1790764821,bot,,,0
1377653446,1790764822,registered,2020-04-30T06:01:02Z,378,0
1377653448,1790764822,registered,2013-02-17T05:04:54Z,2336,0
1377653449,1790764823,registered,2007-11-01T15:33:50Z,746497,0
1377653451,1790764824,registered,2019-07-12T01:27:50Z,42929,0
1377653455,1790764828,registered,2023-01-14T16:42:03Z,31275,0
1377653459,1790764831,bot,,,0
1377653460,1790764831,registered,2023-03-04T20:09:33Z,7778,0
1377653461,1790764831,registered,2023-09-29T02:12:36Z,1459,0
1377653462,1790764830,registered,2022-09-01T19:10:57Z,6061,0
1377653463,1790764832,registered,2006-05-23T12:51:18Z,126000,0
1377653465,1790764833,registered,2019-07-12T01:27:50Z,42929,0
1377653466,1790764833,registered,2013-02-17T05:04:54Z,2336,0
1377653468,1790764834,registered,2016-04-14T17:26:09Z,29510,0
1377653469,1790764835,registered,2013-10-18T11:03:06Z,95942,0
1377653470,1790764835,registered,2007-11-01T15:33:50Z,746497,0
1377653472,1790764835,registered,2017-05-07T18:30:34Z,16631,0
1377653474,1790764836,registered,2006-04-16T19:08:27Z,83407,0
1377653475,1790764836,registered,2019-07-12T01:27:50Z,42929,0
1377653477,1790764838,temporary,,,0
1377653479,1790764840,registered,2024-07-11T11:07:14Z,6608,0
1377653480,1790764841,bot,,,0
1377653483,1790764842,registered,2007-11-01T15:33:50Z,746497,0
1377653485,1790764841,registered,2020-04-30T06:01:02Z,378,0
1377653490,1790764844,registered,2024-08-06T16:59:56Z,1252,0
1377653491,1790764844,registered,2010-06-13T22:00:45Z,55,0
1377653492,1790764845,registered,2013-02-17T05:04:54Z,2336,0
1377653497,1790764850,registered,2026-09-07T10:43:12Z,241,0
1377653498,1790764848,registered,2017-09-19T13:23:55Z,55691,0
1377653499,1790764850,registered,2026-06-06T07:14:01Z,1429,0
1377653500,1790764851,registered,2007-11-01T15:33:50Z,746497,0
1377653501,1790764851,bot,,,0
1377653503,1790764852,registered,2013-11-18T06:00:25Z,45298,0
1377653504,1790764853,temporary,,,0
1377653506,1790764854,registered,2014-03-05T07:33:59Z,257,0
1377653507,1790764854,temporary,,,0
1377653509,1790764857,registered,2013-02-17T05:04:54Z,2336,0
1377653511,1790764858,registered,2022-09-23T11:50:52Z,3536,0
1377653512,1790764858,registered,2023-10-26T19:46:51Z,2551,0
1377653514,1790764858,registered,2024-12-21T17:39:13Z,3245,0
1377653516,1790764860,temporary,,,0
1377653517,1790764860,registered,2007-11-01T15:33:50Z,746497,0
1377653519,1790764861,bot,,,0
1377653520,1790764861,registered,2026-09-29T09:14:48Z,26,0
1377653523,1790764864,registered,2019-07-12T01:27:50Z,42929,0
1377653526,1790764869,temporary,,,0
1377653527,1790764869,registered,2007-11-01T15:33:50Z,746497,0
1377653528,1790764869,registered,2023-03-04T20:09:33Z,7778,0
1377653531,1790764869,registered,2013-02-17T05:04:54Z,2336,0
1377653532,1790764871,registered,2026-06-20T10:38:28Z,1045,0
1377653534,1790764871,registered,2012-10-08T04:05:24Z,1067,0
1377653539,1790764872,registered,2026-09-26T18:06:19Z,116,1
1377653541,1790764873,temporary,,,0
1377653543,1790764874,registered,2021-07-31T07:41:48Z,13834,0
1377653544,1790764874,registered,2006-07-05T16:17:47Z,164068,0
1377653547,1790764876,registered,2026-04-13T09:52:14Z,364,0
1377653548,1790764876,registered,2009-03-04T02:43:36Z,150743,0
1377653549,1790764876,registered,2023-05-11T00:43:32Z,7924,0
1377653550,1790764877,temporary,,,0
1377653551,1790764877,registered,2007-11-01T15:33:50Z,746497,0
1377653554,1790764878,registered,2019-07-12T01:27:50Z,42929,0
1377653556,1790764879,temporary,,,0
1377653559,1790764879,registered,2025-05-18T16:57:15Z,312,0
1377653562,1790764880,registered,2026-09-28T16:18:45Z,27,0
1377653566,1790764882,registered,2006-04-16T19:08:27Z,83407,0
1377653567,1790764882,registered,2013-02-17T05:04:54Z,2336,0
1377653568,1790764879,registered,2016-03-31T11:02:01Z,15336,0
1377653570,1790764883,registered,2007-07-04T19:39:54Z,82870,0
1377653571,1790764884,registered,2016-10-31T15:28:25Z,25009,0
1377653573,1790764885,registered,2013-10-18T11:03:06Z,95942,0
1377653578,1790764888,registered,2017-09-19T13:23:55Z,55691,0
1377653580,1790764889,registered,2024-03-04T13:13:51Z,809,0
1377653581,1790764889,registered,2019-07-12T01:27:50Z,42929,0
1377653585,1790764891,registered,2003-01-04T00:03:38Z,93052,0
1377653587,1790764893,registered,2007-11-01T15:33:50Z,746497,0
1377653590,1790764895,temporary,,,0
1377653592,1790764898,registered,2026-09-28T09:29:48Z,99,0
1377653593,1790764894,registered,2013-02-17T05:04:54Z,2336,0
1377653595,1790764899,registered,2019-05-09T00:34:23Z,36,0
1377653596,1790764900,registered,2021-06-26T09:55:02Z,4077,0
1377653597,1790764900,registered,2022-07-25T14:27:25Z,4755,0
1377653598,1790764900,registered,2022-08-30T20:08:19Z,9321,0
1377653599,1790764901,registered,2023-03-04T20:09:33Z,7778,0
1377653602,1790764903,registered,2009-02-19T13:06:16Z,192676,0
1377653603,1790764903,registered,2017-09-19T13:23:55Z,55691,0
1377653607,1790764907,registered,2026-09-30T10:33:24Z,28,0
1377653608,1790764908,registered,2009-12-08T09:51:52Z,56969,0
1377653609,1790764908,registered,2019-07-12T01:27:50Z,42929,0
1377653611,1790764909,registered,2016-01-01T20:40:25Z,281820,0
1377653614,1790764911,registered,2013-02-17T05:04:54Z,2336,0
1377653616,1790764913,registered,2025-06-04T08:44:44Z,350,0
1377653620,1790764916,registered,2017-09-19T13:23:55Z,55691,0
1377653624,1790764919,registered,2026-09-26T18:06:19Z,116,1
1377653625,1790764920,registered,2012-11-14T00:46:21Z,25569,0
1377653626,1790764921,registered,2026-09-08T09:59:20Z,1588,0
1377653629,1790764922,registered,2013-02-17T05:04:54Z,2336,0
1377653631,1790764926,temporary,,,0
1377653633,1790764928,registered,2010-04-14T21:26:36Z,66498,0
1377653634,1790764927,registered,2022-11-18T13:28:52Z,16138,0
1377653635,1790764929,temporary,,,0
1377653637,1790764931,registered,2019-01-16T12:59:20Z,64,0
1377653640,1790764932,registered,2017-06-06T08:45:57Z,41014,0
1377653641,1790764932,registered,2006-09-23T17:41:27Z,679873,0
1377653642,1790764934,registered,2004-04-06T02:05:16Z,277500,0
1377653644,1790764934,registered,2013-02-17T05:04:54Z,2336,0
1377653645,1790764935,registered,2016-01-01T20:40:25Z,281820,0
1377653647,1790764937,registered,2009-01-20T04:53:08Z,2243,0
1377653648,1790764937,registered,2017-09-19T13:23:55Z,55691,0
1377653650,1790764938,registered,2026-06-27T15:36:56Z,134,0
1377653651,1790764938,registered,2009-07-15T07:14:48Z,21242,0
1377653653,1790764940,temporary,,,0
1377653657,1790764942,registered,2012-05-10T08:17:25Z,36533,0
1377653663,1790764944,registered,2021-12-20T11:39:16Z,13442,0
1377653664,1790764945,registered,2013-02-17T05:04:54Z,2336,0
1377653667,1790764950,registered,2016-01-01T20:40:25Z,281820,0
1377653668,1790764949,registered,2008-07-09T09:48:36Z,68660,0
1377653672,1790764952,registered,2007-11-01T15:33:50Z,746497,0
1377653673,1790764944,temporary,,,1
1377653674,1790764952,temporary,,,0
1377653676,1790764953,registered,2017-09-19T13:23:55Z,55691,0
1377653677,1790764954,registered,2005-05-17T16:12:08Z,62964,0
1377653678,1790764954,registered,2024-09-25T09:15:46Z,13949,0
1377653679,1790764955,registered,2026-02-21T15:05:07Z,7360,0
1377653680,1790764955,registered,2019-06-14T20:22:03Z,28129,0
1377653681,1790764955,registered,2013-09-26T12:40:23Z,57042,0
1377653683,1790764956,temporary,,,0
1377653684,1790764956,registered,2024-12-27T16:07:08Z,2453,0
1377653685,1790764957,registered,2013-02-17T05:04:54Z,2336,0
1377653686,1790764957,registered,2002-02-25T15:43:11Z,173660,0
1377653689,1790764959,registered,2007-11-01T15:33:50Z,746497,0
1377653691,1790764960,registered,2023-09-11T02:08:42Z,6513,0
1377653692,1790764960,registered,2015-08-22T21:24:00Z,2099,0
1377653693,1790764960,registered,2013-10-18T11:03:06Z,95942,0
1377653694,1790764960,registered,2022-08-10T19:24:43Z,9661,0
1377653695,1790764960,registered,2019-10-17T04:25:19Z,8,1
1377653699,1790764963,registered,2024-01-25T07:31:25Z,5425,0
1377653701,1790764961,temporary,,,0
1377653702,1790764964,temporary,,,0
1377653704,1790764965,temporary,,,1
1377653705,1790764965,registered,2016-01-01T20:40:25Z,281820,0
1377653706,1790764966,registered,2007-02-02T20:48:42Z,1206,0
1377653707,1790764967,registered,2007-11-01T15:33:50Z,746497,0
1377653709,1790764968,registered,2026-09-29T12:28:58Z,7,0
1377653710,1790764968,registered,2013-02-17T05:04:54Z,2336,0
1377653711,1790764967,temporary,,,0
1377653712,1790764969,registered,2019-07-12T01:27:50Z,42929,0
1377653716,1790764970,registered,2017-09-19T13:23:55Z,55691,0
1377653717,1790764971,registered,2024-09-15T11:56:52Z,495,0
1377653718,1790764971,registered,2013-01-06T08:59:50Z,5,0
1377653721,1790764973,registered,2007-12-23T04:24:28Z,123772,0
1377653725,1790764975,temporary,,,0
1377653726,1790764975,registered,2014-11-22T07:35:29Z,35658,0
1377653727,1790764975,registered,2012-05-10T08:17:25Z,36533,0
1377653728,1790764976,registered,2007-11-01T15:33:50Z,746497,0
1377653731,1790764977,registered,2019-07-12T01:27:50Z,42929,0
1377653732,1790764978,registered,2014-11-25T20:57:27Z,3230,0
1377653733,1790764977,temporary,,,0
1377653734,1790764979,registered,2006-03-17T18:49:28Z,309,0
1377653736,1790764980,registered,2013-02-17T05:04:54Z,2336,0
1377653737,1790764980,registered,2007-05-03T14:51:12Z,70244,0
1377653740,1790764984,registered,2010-09-30T22:39:08Z,229443,0
1377653741,1790764983,registered,2016-01-01T20:40:25Z,281820,0
1377653743,1790764985,registered,2026-09-28T09:29:48Z,99,0
1377653744,1790764986,registered,2022-12-11T11:58:59Z,16651,0
1377653745,1790764986,registered,2019-07-12T01:27:50Z,42929,0
1377653748,1790764989,registered,2026-06-06T07:14:01Z,1429,0
1377653750,1790764990,registered,2026-09-16T22:49:09Z,1087,0
1377653751,1790764991,registered,2007-11-01T15:33:50Z,746497,0
1377653752,1790764990,registered,2026-09-26T18:06:19Z,116,1
1377653754,1790764992,temporary,,,0
1377653755,1790764992,registered,2013-02-17T05:04:54Z,2336,0
1377653756,1790764992,registered,2019-07-12T01:27:50Z,42929,0
1377653759,1790764994,registered,2006-09-23T17:41:27Z,679873,0
1377653760,1790764995,temporary,,,1
1377653762,1790764997,registered,2024-04-23T16:16:35Z,51,0
1377653763,1790764998,registered,2021-06-26T05:54:39Z,95,0
1377653767,1790764999,registered,2019-07-12T01:27:50Z,42929,0
1377653769,1790764999,registered,2016-01-01T20:40:25Z,281820,0
1377653773,1790765001,registered,2019-04-16T09:03:08Z,196827,0
1377653774,1790765002,registered,2024-09-12T14:37:40Z,10362,0
1377653777,1790765003,registered,2013-02-17T05:04:54Z,2336,0
1377653778,1790765001,registered,2022-11-18T13:28:52Z,16138,0
1377653780,1790765005,registered,2026-09-30T10:21:34Z,4,0
1377653783,1790765007,registered,2014-04-03T06:10:04Z,119058,0
1377653785,1790765007,registered,2021-11-16T17:18:46Z,9603,0
1377653786,1790765007,registered,2026-09-16T22:49:09Z,1087,0
1377653787,1790765008,registered,2025-08-10T05:21:13Z,341,1
1377653789,1790765008,registered,2016-10-20T04:48:30Z,1403,0
1377653790,1790765008,registered,2014-03-05T07:33:59Z,257,0
1377653791,1790765008,registered,2026-09-08T09:59:20Z,1588,0
1377653793,1790765009,temporary,,,1
1377653794,1790765009,registered,2022-12-27T22:23:50Z,1181,0
1377653795,1790765009,registered,2026-06-05T14:01:05Z,546,0
1377653796,1790765010,registered,2016-01-01T20:40:25Z,281820,0
1377653797,1790765011,registered,2020-12-14T07:40:39Z,14017,0
1377653800,1790765012,temporary,,,0
1377653802,1790765015,temporary,,,0
1377653803,1790765015,registered,2013-02-17T05:04:54Z,2336,0
1377653805,1790765017,registered,2006-11-05T16:12:02Z,337853,0
1377653806,1790765017,registered,2013-10-18T11:03:06Z,95942,0
1377653807,1790765018,registered,2017-05-07T18:30:34Z,16631,0
1377653808,1790765018,registered,2026-09-28T16:18:45Z,27,0
1377653811,1790765020,registered,2020-12-14T07:40:39Z,14017,0
1377653814,1790765022,registered,2021-06-26T09:55:02Z,4077,0
1377653815,1790765023,registered,2010-04-14T21:26:36Z,66498,0
1377653818,1790765023,registered,2020-12-14T07:40:39Z,14017,0
1377653819,1790765024,registered,2025-05-18T16:57:15Z,312,0
1377653820,1790765025,registered,2020-12-14T07:40:39Z,14017,0
1377653822,1790765025,temporary,,,1
1377653823,1790765027,registered,2013-02-17T05:04:54Z,2336,0
1377653824,1790765026,temporary,,,0
1377653826,1790765028,registered,2026-09-29T09:14:48Z,26,0
1377653827,1790765029,registered,2020-12-14T07:40:39Z,14017,0
1377653828,1790765029,registered,2026-09-17T20:52:00Z,153,0
1377653830,1790765030,registered,2007-11-01T15:33:50Z,746497,0
1377653831,1790765030,temporary,,,0
1377653833,1790765032,registered,2004-12-15T23:11:06Z,9497,0
1377653834,1790765033,registered,2026-09-28T22:50:27Z,152,0
1377653835,1790765033,registered,2019-07-12T01:27:50Z,42929,0
1377653837,1790765035,registered,2026-09-16T22:49:09Z,1087,0
1377653838,1790765035,registered,2006-02-24T16:20:39Z,128322,0
1377653839,1790765035,registered,2025-04-12T12:19:33Z,172,0
1377653840,1790765034,registered,2016-04-20T05:07:59Z,12745,0
1377653842,1790765036,registered,2025-04-14T18:50:10Z,611,0
1377653843,1790765037,registered,2022-09-01T19:10:57Z,6061,0
1377653846,1790765038,registered,2013-02-17T05:04:54Z,2336,0
1377653848,1790765039,registered,2013-10-18T11:03:06Z,95942,0
1377653854,1790765040,registered,2024-08-23T11:53:49Z,4043,0
1377653855,1790765041,registered,2016-01-01T20:40:25Z,281820,0
1377653859,1790765044,temporary,,,0
1377653860,1790765045,registered,2026-09-30T10:42:44Z,8,0
1377653862,1790765045,registered,2014-04-03T06:10:04Z,119058,0
1377653863,1790765045,temporary,,,0
1377653865,1790765047,registered,2019-07-12T01:27:50Z,42929,0
1377653866,1790765048,registered,2026-09-30T10:33:24Z,28,1
1377653868,1790765050,registered,2013-02-17T05:04:54Z,2336,0
1377653871,1790765050,temporary,,,0
1377653873,1790765053,registered,2021-06-26T05:54:39Z,95,0
1377653878,1790765056,registered,2006-03-17T18:49:28Z,309,0
1377653882,1790765054,registered,2022-11-18T13:28:52Z,16138,0
1377653883,1790765056,temporary,,,0
1377653884,1790765057,registered,2018-05-11T14:49:41Z,74520,0
1377653886,1790765058,registered,2022-07-25T14:27:25Z,4755,0
1377653891,1790765060,temporary,,,0
1377653892,1790765061,registered,2005-11-11T00:31:54Z,52681,0
1377653893,1790765061,registered,2004-04-06T02:05:16Z,277500,0
1377653895,1790765061,registered,2016-01-01T20:40:25Z,281820,0
1377653896,1790765062,registered,2013-02-17T05:04:54Z,2336,0
1377653900,1790765064,registered,2026-04-13T09:52:14Z,364,0
1377653901,1790765065,registered,2026-09-17T20:52:00Z,153,0
1377653903,1790765065,registered,2026-09-20T18:00:54Z,4,0
1377653906,1790765069,registered,2006-04-12T01:46:01Z,243956,0
1377653908,1790765069,registered,2024-03-01T12:53:47Z,2819,0
1377653909,1790765067,registered,2012-07-22T08:17:56Z,94975,0
1377653910,1790765070,registered,2009-07-15T07:14:48Z,21242,0
1377653911,1790765069,registered,2024-08-06T16:59:56Z,1252,0
1377653913,1790765069,registered,2017-09-19T13:23:55Z,55691,0
1377653914,1790765070,registered,2006-09-23T17:41:27Z,679873,0
1377653915,1790765071,registered,2026-09-21T15:57:47Z,21,0
1377653916,1790765071,registered,2016-08-05T01:02:00Z,28915,0
1377653919,1790765072,registered,2014-11-22T07:35:29Z,35658,0
1377653924,1790765073,registered,2014-09-20T08:41:47Z,44546,0
1377653925,1790765074,registered,2013-02-17T05:04:54Z,2336,0
1377653928,1790765078,registered,2007-11-01T15:33:50Z,746497,0
1377653929,1790765078,registered,2013-11-23T19:24:01Z,1197,0
1377653932,1790765078,registered,2017-05-07T18:30:34Z,16631,0
1377653934,1790765081,registered,2022-12-27T22:23:50Z,1181,0
1377653935,1790765082,registered,2019-07-12T01:27:50Z,42929,0
1377653936,1790765083,registered,2009-05-17T04:33:15Z,177297,0
1377653937,1790765082,registered,2017-09-19T13:23:55Z,55691,0
1377653938,1790765083,registered,2026-03-16T17:09:30Z,220,1
1377653939,1790765083,temporary,,,0
1377653941,1790765084,registered,2011-07-15T04:34:41Z,18491,1
1377653942,1790765084,temporary,,,1
1377653945,1790765085,registered,2019-07-12T01:27:50Z,42929,0
1377653948,1790765086,registered,2013-02-17T05:04:54Z,2336,0
1377653949,1790765087,registered,2026-09-30T10:19:45Z,2,0
1377653951,1790765089,temporary,,,0
1377653955,1790765094,registered,2007-12-28T17:34:58Z,6843,0
1377653956,1790765095,registered,2023-05-11T00:43:32Z,7924,0
1377653960,1790765096,registered,2017-09-19T13:23:55Z,55691,0
1377653961,1790765097,temporary,,,0
1377653962,1790765098,registered,2013-02-17T05:04:54Z,2336,0
1377653964,1790765100,registered,2026-09-28T16:18:45Z,27,0
1377653966,1790765102,registered,2026-01-29T18:52:33Z,2160,0
1377653967,1790765102,registered,2016-01-01T20:40:25Z,281820,0
1377653969,1790765103,registered,2022-12-27T22:23:50Z,1181,0
1377653970,1790765104,registered,2006-10-27T18:22:40Z,183241,0
1377653974,1790765105,registered,2026-09-05T12:55:29Z,131,0
1377653975,1790765106,registered,2019-09-22T16:22:39Z,747,0
1377653976,1790765107,registered,2026-01-21T17:35:14Z,183,0
1377653978,1790765107,temporary,,,0
1377653982,1790765110,registered,2013-02-17T05:04:54Z,2336,0
1377653984,1790765109,registered,2022-11-18T13:28:52Z,16138,0
1377653985,1790765112,registered,2022-07-25T14:27:25Z,4755,0
1377653987,1790765114,registered,2026-01-16T11:01:33Z,797,0
1377653988,1790765114,registered,2024-02-13T22:12:59Z,936,0
1377653989,1790765114,temporary,,,0
1377653990,1790765114,registered,2006-07-05T16:17:47Z,164068,0
1377653992,1790765115,registered,2017-09-19T13:23:55Z,55691,0
1377653994,1790765118,registered,2026-09-26T18:06:19Z,116,1
1377653996,1790765120,registered,2026-06-17T18:34:26Z,2492,0
1377653997,1790765119,registered,2022-09-18T12:35:43Z,10656,0
1377653999,1790765119,registered,2006-09-23T17:41:27Z,679873,0
1377654002,1790765122,registered,2026-09-29T09:14:48Z,26,0
1377654003,1790765122,registered,2016-01-01T20:40:25Z,281820,0
1377654004,1790765122,registered,2013-02-17T05:04:54Z,2336,0
1377654005,1790765123,registered,2020-06-11T08:18:37Z,26608,0
1377654008,1790765126,registered,2026-09-27T07:49:21Z,16,0
1377654009,1790765126,registered,2006-11-05T16:12:02Z,337853,0
1377654010,1790765125,registered,2019-05-09T00:34:23Z,36,0
1377654011,1790765126,registered,2019-07-12T01:27:50Z,42929,0
1377654012,1790765125,registered,2009-12-27T11:47:08Z,822402,0
1377654015,1790765128,registered,2012-10-08T04:05:24Z,1067,0
1377654016,1790765128,registered,2015-12-19T17:52:49Z,196,0
1377654019,1790765131,registered,2026-09-08T09:59:20Z,1588,0
1377654020,1790765131,registered,2026-09-28T09:29:48Z,99,0
1377654023,1790765132,registered,2019-07-12T01:27:50Z,42929,0
1377654024,1790765134,registered,2013-02-17T05:04:54Z,2336,0
1377654026,1790765136,registered,2026-09-28T16:18:45Z,27,0
1377654028,1790765137,registered,2019-07-12T01:27:50Z,42929,0
1377654029,1790765137,temporary,,,1
1377654031,1790765140,registered,2016-01-01T20:40:25Z,281820,0
1377654033,1790765141,registered,2006-05-20T09:34:02Z,23274,0
1377654034,1790765139,registered,2023-01-31T21:51:00Z,5,0
1377654039,1790765145,registered,2006-05-26T13:33:25Z,1757,0
1377654040,1790765144,registered,2025-05-04T02:18:19Z,464,0
1377654042,1790765146,registered,2006-07-05T16:17:47Z,164068,0
1377654043,1790765146,registered,2013-02-17T05:04:54Z,2336,0
1377654044,1790765146,registered,2022-07-25T14:27:25Z,4755,0
1377654046,1790765147,registered,2002-02-25T15:51:15Z,384451,0
1377654047,1790765147,registered,2024-09-25T09:15:46Z,13949,0
1377654052,1790765148,registered,2014-04-03T06:10:04Z,119058,0
1377654054,1790765150,registered,2012-10-08T04:05:24Z,1067,0
1377654055,1790765150,registered,2006-10-27T18:22:40Z,183241,0
1377654057,1790765151,registered,2016-01-01T20:40:25Z,281820,0
1377654058,1790765152,registered,2009-12-27T11:47:08Z,822402,0
1377654063,1790765157,registered,2007-12-23T04:24:28Z,123772,0
1377654064,1790765157,registered,2013-02-17T05:04:54Z,2336,0
1377654066,1790765160,registered,2006-01-08T04:25:14Z,225774,0
1377654070,1790765164,registered,2019-07-12T01:27:50Z,42929,0
1377654071,1790765165,temporary,,,0
1377654072,1790765165,temporary,,,0
1377654076,1790765169,registered,2025-09-09T15:21:35Z,1301,0
1377654077,1790765169,registered,2006-04-16T19:08:27Z,83407,0
1377654078,1790765169,registered,2013-02-17T05:04:54Z,2336,0
1377654082,1790765174,temporary,,,1
1377654083,1790765175,registered,2021-06-26T09:55:02Z,4077,0
1377654084,1790765176,registered,2012-10-08T04:05:24Z,1067,0
1377654087,1790765177,registered,2016-01-01T20:40:25Z,281820,0
1377654090,1790765177,registered,2022-01-02T20:24:57Z,70446,0
1377654091,1790765180,registered,2019-07-12T01:27:50Z,42929,0
1377654093,1790765183,registered,2010-09-30T22:39:08Z,229443,0
1377654094,1790765182,registered,2013-02-17T05:04:54Z,2336,0
1377654096,1790765183,registered,2006-10-27T18:22:40Z,183241,0
1377654097,1790765183,registered,2019-01-16T12:59:20Z,64,0
1377654098,1790765183,temporary,,,0
1377654099,1790765184,registered,2026-01-21T17:35:14Z,183,0
1377654101,1790765185,registered,2005-10-04T03:53:50Z,588162,0
1377654103,1790765186,registered,2026-09-28T09:29:48Z,99,0
1377654105,1790765187,registered,2012-10-08T04:05:24Z,1067,0
1377654107,1790765187,registered,2024-08-06T16:59:56Z,1252,0
1377654108,1790765187,registered,2022-11-18T13:28:52Z,16138,0
1377654110,1790765191,registered,2013-10-18T11:03:06Z,95942,0
1377654111,1790765191,registered,2013-07-26T07:19:16Z,482,0
1377654113,1790765189,temporary,,,0
1377654116,1790765192,registered,2026-09-28T16:18:45Z,27,0
1377654117,1790765192,registered,2026-09-08T09:59:20Z,1588,0
1377654120,1790765194,registered,2013-02-17T05:04:54Z,2336,0
1377654121,1790765192,registered,2012-07-22T08:17:56Z,94975,0
1377654122,1790765195,registered,2022-07-20T06:24:11Z,14749,0
1377654123,1790765195,temporary,,,0
1377654124,1790765195,registered,2007-12-23T04:24:28Z,123772,0
1377654126,1790765198,registered,2006-07-30T08:11:13Z,3571,0
1377654131,1790765206,registered,2026-09-30T10:21:58Z,2,0
1377654132,1790765206,temporary,,,1
1377654133,1790765206,registered,2026-09-30T10:40:33Z,4,0
1377654135,1790765207,registered,2010-08-04T08:35:15Z,45457,0
1377654136,1790765206,registered,2013-02-17T05:04:54Z,2336,0
1377654137,1790765208,temporary,,,0
1377654138,1790765208,registered,2009-05-17T14:46:36Z,40919,0
1377654139,1790765208,temporary,,,0
1377654140,1790765208,registered,2026-01-21T17:35:14Z,183,0
1377654141,1790765209,registered,2013-10-18T11:03:06Z,95942,0
1377654143,1790765209,registered,2016-01-01T20:40:25Z,281820,0
1377654144,1790765209,registered,2006-09-23T17:41:27Z,679873,0
1377654145,1790765210,registered,2026-09-26T18:06:19Z,116,1
1377654146,1790765211,registered,2010-10-20T17:01:19Z,6697561,0
1377654147,1790765210,registered,2009-12-27T11:47:08Z,822402,0
1377654150,1790765212,registered,2012-10-08T04:05:24Z,1067,0
1377654151,1790765211,temporary,,,0
1377654153,1790765214,registered,2006-03-23T05:47:25Z,2956,0
1377654156,1790765217,registered,2006-05-20T09:34:02Z,23274,0
1377654158,1790765217,registered,2016-01-01T20:40:25Z,281820,0
1377654159,1790765218,temporary,,,0
1377654161,1790765219,registered,2002-02-25T15:51:15Z,384451,0
1377654162,1790765219,registered,2013-02-17T05:04:54Z,2336,0
1377654164,1790765220,registered,2026-09-05T12:55:29Z,131,0
1377654165,1790765221,registered,2007-11-01T15:33:50Z,746497,0
1377654167,1790765223,registered,2026-09-30T10:43:41Z,1,1
1377654168,1790765224,registered,2020-05-16T17:22:18Z,5267,0
1377654169,1790765224,registered,2026-09-27T07:49:21Z,16,0
1377654172,1790765227,registered,2006-10-27T18:22:40Z,183241,0
1377654173,1790765228,registered,2025-09-27T08:45:02Z,1640,0
1377654174,1790765229,registered,2016-01-01T20:40:25Z,281820,0
1377654175,1790765229,registered,2019-07-12T01:27:50Z,42929,0
1377654176,1790765231,registered,2013-02-17T05:04:54Z,2336,0
1377654177,1790765229,registered,2012-04-05T17:43:18Z,224,0
1377654178,1790765232,registered,2026-04-13T09:52:14Z,364,0
1377654179,1790765233,temporary,,,0
1377654180,1790765233,registered,2019-07-12T01:27:50Z,42929,0
1377654181,1790765234,registered,2014-04-03T06:10:04Z,119058,0
1377654182,1790765234,registered,2013-10-18T11:03:06Z,95942,0
1377654185,1790765236,registered,2006-07-05T16:17:47Z,164068,0
1377654186,1790765237,temporary,,,0
1377654188,1790765238,registered,2020-12-14T07:40:39Z,14017,0
1377654189,1790765240,registered,2019-07-12T01:27:50Z,42929,0
1377654191,1790765241,registered,2026-01-21T17:35:14Z,183,0
1377654192,1790765240,temporary,,,1
1377654193,1790765242,registered,2009-05-17T14:46:36Z,40919,0
1377654194,1790765242,registered,2024-03-22T11:52:51Z,485,1
1377654195,1790765243,registered,2013-02-17T05:04:54Z,2336,0
1377654197,1790765245,registered,2014-04-03T06:10:04Z,119058,0
1377654198,1790765245,registered,2012-03-17T22:06:44Z,39337,0
1377654199,1790765248,registered,2006-01-22T18:34:47Z,5115,0
1377654200,1790765247,registered,2026-06-05T14:01:05Z,546,0
1377654201,1790765249,registered,2004-04-06T02:05:16Z,277500,0
1377654202,1790765249,registered,2019-07-12T01:27:50Z,42929,0
1377654203,1790765250,bot,,,0
1377654205,1790765251,registered,2004-12-27T03:45:03Z,10490,0
1377654206,1790765252,registered,2025-09-27T08:45:02Z,1640,0
1377654207,1790765249,registered,2020-12-06T23:51:36Z,78426,0
1377654209,1790765251,registered,2020-12-06T23:51:36Z,78426,0
1377654210,1790765253,registered,2022-07-25T14:27:25Z,4755,0
1377654211,1790765254,registered,2007-11-01T15:33:50Z,746497,0
1377654212,1790765254,registered,2020-07-15T16:53:10Z,320,0
1377654213,1790765255,registered,2013-02-17T05:04:54Z,2336,0
1377654214,1790765255,registered,2024-04-23T16:16:35Z,51,0
1377654215,1790765255,registered,2020-12-06T23:51:36Z,78426,0
1377654216,1790765256,registered,2016-01-01T20:40:25Z,281820,0
1377654217,1790765258,registered,2006-09-23T17:41:27Z,679873,0
1377654218,1790765258,registered,2023-09-02T11:55:37Z,525,0
1377654219,1790765258,registered,2020-12-06T23:51:36Z,78426,0
1377654220,1790765259,registered,2026-08-11T08:50:46Z,1740,0
1377654221,1790765260,bot,,,0
1377654222,1790765262,temporary,,,0
1377654223,1790765263,registered,2025-07-12T13:35:16Z,1280,0
1377654224,1790765261,registered,2010-10-20T17:01:19Z,6697561,0
1377654225,1790765264,registered,2026-01-21T17:35:14Z,183,0
1377654226,1790765264,registered,2026-09-28T16:18:45Z,27,0
1377654227,1790765263,registered,2020-12-06T23:51:36Z,78426,0
1377654230,1790765266,registered,2007-11-01T15:33:50Z,746497,0
1377654231,1790765261,registered,2020-12-06T23:51:36Z,78426,0
1377654232,1790765265,registered,2020-12-06T23:51:36Z,78426,0
1377654234,1790765267,registered,2005-07-22T00:51:03Z,893,0
1377654235,1790765267,registered,2013-02-17T05:04:54Z,2336,0
1377654236,1790765268,registered,2019-07-12T01:27:50Z,42929,0
1377654237,1790765268,registered,2024-07-11T11:07:14Z,6608,0
1377654238,1790765268,temporary,,,0
1377654239,1790765270,bot,,,0
1377654240,1790765269,registered,2020-12-06T23:51:36Z,78426,0
1377654241,1790765271,registered,2016-01-01T20:40:25Z,281820,0
1377654242,1790765271,registered,2020-12-06T23:51:36Z,78426,0
1377654244,1790765272,registered,2006-10-27T18:22:40Z,183241,0
1377654245,1790765273,temporary,,,1
1377654246,1790765274,registered,2022-08-18T16:58:02Z,2163,0
1377654247,1790765274,registered,2007-11-01T15:33:50Z,746497,0
1377654248,1790765274,registered,2020-12-06T23:51:36Z,78426,1
1377654252,1790765276,registered,2020-02-29T19:10:51Z,3780,0
1377654253,1790765275,registered,2026-09-29T10:31:32Z,11,0
1377654254,1790765276,temporary,,,0
1377654256,1790765276,registered,2020-12-06T23:51:36Z,78426,0
1377654258,1790765279,registered,2026-09-21T15:57:47Z,21,0
1377654260,1790765278,registered,2020-12-06T23:51:36Z,78426,0
1377654261,1790765279,registered,2013-02-17T05:04:54Z,2336,0
1377654262,1790765280,bot,,,0
1377654264,1790765280,registered,2016-01-01T20:40:25Z,281820,0
1377654266,1790765280,registered,2020-12-06T23:51:36Z,78426,0
1377654270,1790765283,registered,2013-10-18T11:03:06Z,95942,0
1377654271,1790765282,registered,2020-12-06T23:51:36Z,78426,0
1377654272,1790765283,registered,2026-06-05T14:01:05Z,546,0
1377654274,1790765284,registered,2007-11-01T15:33:50Z,746497,0
1377654275,1790765284,registered,2020-12-06T23:51:36Z,78426,0
1377654277,1790765287,registered,2014-04-03T06:10:04Z,119058,0
1377654278,1790765286,bot,,,0
1377654279,1790765288,registered,2023-05-11T00:43:32Z,7924,0
1377654280,1790765287,registered,2020-12-06T23:51:36Z,78426,0
1377654282,1790765290,bot,,,0
1377654283,1790765291,registered,2011-10-24T03:43:46Z,2854,0
1377654284,1790765288,registered,2019-07-12T01:27:50Z,42929,0
1377654285,1790765291,registered,2013-02-17T05:04:54Z,2336,0
1377654286,1790765290,registered,2020-12-06T23:51:36Z,78426,0
1377654287,1790765291,temporary,,,0
1377654288,1790765292,registered,2020-12-06T23:51:36Z,78426,0
1377654290,1790765295,registered,2004-04-06T02:05:16Z,277500,0
1377654291,1790765294,registered,2020-12-06T23:51:36Z,78426,0
1377654292,1790765296,registered,2026-01-21T17:35:14Z,183,0
1377654293,1790765296,registered,2019-02-28T09:54:37Z,17,0
1377654294,1790765297,registered,2022-04-05T17:11:05Z,1980,0
1377654295,1790765297,registered,2020-12-06T23:51:36Z,78426,0
1377654296,1790765294,registered,2022-11-18T13:28:52Z,16138,0
1377654297,1790765298,registered,2019-07-12T01:27:50Z,42929,0
1377654298,1790765299,registered,2020-12-06T23:51:36Z,78426,0
1377654299,1790765300,temporary,,,1
1377654301,1790765290,temporary,,,0
1377654302,1790765301,temporary,,,0
1377654303,1790765302,registered,2010-10-20T17:01:19Z,6697561,1
1377654304,1790765303,registered,2006-09-23T17:41:27Z,679873,0
1377654305,1790765303,bot,,,0
1377654307,1790765303,registered,2013-02-17T05:04:54Z,2336,0
1377654308,1790765304,registered,2005-02-02T01:45:08Z,485,0
1377654309,1790765305,registered,2008-04-23T18:06:28Z,8837,0
1377654310,1790765305,registered,2022-09-18T12:35:43Z,10656,0
1377654311,1790765306,registered,2013-10-18T11:03:06Z,95942,0
1377654312,1790765307,registered,2016-01-01T12:05:44Z,18,0
1377654313,1790765308,registered,2021-06-26T09:55:02Z,4077,0
1377654314,1790765308,temporary,,,0
1377654316,1790765309,registered,2006-02-24T16:20:39Z,128322,0
1377654317,1790765309,registered,2019-07-12T01:27:50Z,42929,0
1377654318,1790765309,registered,2006-01-22T18:34:47Z,5115,0
1377654320,1790765311,temporary,,,1
1377654321,1790765311,temporary,,,0
1377654322,1790765312,registered,2016-01-01T20:40:25Z,281820,0
1377654325,1790765315,registered,2013-02-17T05:04:54Z,2336,0
1377654326,1790765316,registered,2007-12-28T17:34:58Z,6843,0
1377654327,1790765316,registered,2026-04-13T09:52:14Z,364,0
1377654328,1790765315,temporary,,,0
1377654330,1790765319,temporary,,,0
1377654331,1790765319,registered,2019-05-09T00:34:23Z,36,0
1377654335,1790765319,registered,2007-09-02T20:11:33Z,280261,0
1377654336,1790765320,registered,2016-03-20T11:58:45Z,3260,0
1377654338,1790765320,registered,2026-01-21T17:35:14Z,183,0
1377654344,1790765322,temporary,,,0
1377654345,1790765323,registered,2014-06-28T21:03:27Z,205770,0
1377654346,1790765323,temporary,,,1
1377654349,1790765323,registered,2009-03-04T02:43:36Z,150743,0
1377654350,1790765325,registered,2006-01-22T18:34:47Z,5115,0
1377654351,1790765327,registered,2006-04-18T18:37:15Z,76157,0
1377654352,1790765327,temporary,,,0
1377654353,1790765327,registered,2022-07-20T06:24:11Z,14749,0
1377654354,1790765328,registered,2018-09-08T07:11:36Z,99828,0
1377654356,1790765331,registered,2016-01-01T20:40:25Z,281820,0
1377654357,1790765332,registered,2024-01-25T07:31:25Z,5425,0
1377654358,1790765331,registered,2026-09-05T12:55:29Z,131,0
1377654362,1790765334,registered,2026-09-08T09:59:20Z,1588,0
1377654363,1790765333,registered,2022-09-18T12:35:43Z,10656,0
1377654364,1790765334,registered,2021-03-26T14:30:02Z,10521,0
1377654365,1790765335,registered,2015-07-27T22:13:55Z,11513,0
1377654366,1790765336,registered,2026-09-06T13:18:19Z,179,0
1377654367,1790765336,bot,,,0
1377654368,1790765337,registered,2007-11-01T15:33:50Z,746497,0
1377654369,1790765337,registered,2026-06-05T14:01:05Z,546,0
1377654370,1790765339,registered,2019-07-12T01:27:50Z,42929,0
1377654371,1790765339,registered,2014-09-20T08:41:47Z,44546,0
1377654372,1790765342,registered,2013-10-18T11:03:06Z,95942,0
1377654373,1790765343,registered,2025-09-26T08:26:16Z,7879,0
1377654374,1790765343,registered,2009-07-15T07:14:48Z,21242,0
1377654375,1790765343,registered,2026-09-28T09:29:48Z,99,0
1377654376,1790765344,registered,2016-01-01T20:40:25Z,281820,0
1377654377,1790765344,registered,2019-07-12T01:27:50Z,42929,0
1377654378,1790765343,registered,2022-11-18T13:28:52Z,16138,0
1377654380,1790765344,registered,2024-06-26T12:34:47Z,16140,0
1377654382,1790765348,registered,2026-09-30T10:21:34Z,4,0
1377654384,1790765350,registered,2026-09-28T16:18:45Z,27,0
1377654385,1790765351,registered,2006-10-27T18:22:40Z,183241,0
1377654386,1790765351,temporary,,,0
1377654388,1790765351,registered,2011-10-24T03:43:46Z,2854,0
1377654389,1790765352,registered,2019-07-12T01:27:50Z,42929,0
1377654390,1790765355,registered,2018-12-02T12:13:11Z,4535,0
1377654392,1790765357,temporary,,,1
1377654393,1790765358,registered,2026-01-21T17:35:14Z,183,0
1377654394,1790765357,registered,2026-03-10T10:19:24Z,103,1
1377654395,1790765359,registered,2006-12-11T02:51:41Z,44666,0
1377654396,1790765358,registered,2026-09-30T10:45:49Z,3,0
1377654398,1790765361,registered,2007-12-23T04:24:28Z,123772,0
1377654399,1790765362,registered,2026-09-30T10:38:50Z,1,0
1377654400,1790765365,registered,2020-12-06T23:51:36Z,78426,0
1377654401,1790765365,registered,2010-02-13T15:24:21Z,14909,0
1377654402,1790765366,temporary,,,0
1377654403,1790765366,registered,2023-08-23T22:22:11Z,2368,0
1377654404,1790765366,registered,2007-01-26T10:02:15Z,16361,0
1377654405,1790765367,registered,2020-12-06T23:51:36Z,78426,0
1377654406,1790765368,temporary,,,0
1377654407,1790765368,registered,2026-07-29T21:00:47Z,55,0
1377654408,1790765371,registered,2019-07-12T01:27:50Z,42929,0
1377654409,1790765369,registered,2020-12-06T23:51:36Z,78426,0
1377654411,1790765371,registered,2026-06-05T14:01:05Z,546,0
1377654413,1790765372,registered,2020-12-06T23:51:36Z,78426,0
1377654414,1790765373,registered,2013-10-18T11:03:06Z,95942,0
1377654415,1790765371,registered,2012-03-17T22:06:44Z,39337,0
1377654416,1790765372,temporary,,,0
1377654417,1790765371,registered,2008-07-05T17:32:19Z,58456,0
1377654418,1790765375,temporary,,,0
1377654419,1790765376,registered,2020-10-08T18:37:32Z,5693,0
1377654420,1790765376,registered,2007-11-01T15:33:50Z,746497,0
1377654421,1790765376,registered,2020-12-06T23:51:36Z,78426,0
1377654422,1790765376,registered,2006-10-27T12:30:04Z,7279,0
1377654429,1790765378,registered,2006-09-23T17:41:27Z,679873,0
1377654430,1790765379,registered,2020-12-06T23:51:36Z,78426,0
1377654431,1790765380,registered,2016-01-01T20:40:25Z,281820,0
1377654433,1790765381,registered,2020-12-06T23:51:36Z,78426,0
1377654434,1790765381,registered,2009-03-04T02:43:36Z,150743,0
1377654436,1790765384,registered,2026-03-16T17:09:30Z,220,1
1377654438,1790765384,registered,2020-12-06T23:51:36Z,78426,0
1377654439,1790765385,registered,2020-05-16T17:22:18Z,5267,0
1377654440,1790765386,registered,2018-04-21T21:10:42Z,1139,0
1377654443,1790765387,registered,2005-02-02T01:45:08Z,485,0
1377654444,1790765386,registered,2020-12-06T23:51:36Z,78426,0
1377654446,1790765388,registered,2020-12-06T23:51:36Z,78426,0
1377654448,1790765389,registered,2024-02-21T16:12:51Z,1312,0
1377654449,1790765390,registered,2011-10-24T03:43:46Z,2854,0
1377654451,1790765389,registered,2026-09-26T18:06:19Z,116,1
1377654452,1790765390,registered,2006-09-23T17:41:27Z,679873,0
1377654453,1790765390,registered,2020-12-06T23:51:36Z,78426,0
1377654454,1790765392,registered,2019-04-16T09:03:08Z,196827,0
1377654456,1790765392,registered,2026-09-30T10:47:43Z,1,1
1377654457,1790765392,registered,2014-12-23T23:19:21Z,50620,0
1377654458,1790765392,registered,2020-12-06T23:51:36Z,78426,0
1377654459,1790765393,registered,2023-05-11T00:43:32Z,7924,0
1377654460,1790765393,temporary,,,0
1377654466,1790765395,temporary,,,1
1377654467,1790765396,registered,2006-01-08T04:25:14Z,225774,0
1377654469,1790765396,registered,2022-09-17T19:29:53Z,4196,0
1377654470,1790765396,temporary,,,0
1377654471,1790765394,registered,2020-12-06T23:51:36Z,78426,0
1377654472,1790765396,registered,2020-12-06T23:51:36Z,78426,0
1377654473,1790765397,registered,2010-10-20T17:01:19Z,6697561,0
1377654476,1790765398,temporary,,,1
1377654477,1790765398,registered,2025-09-09T15:21:35Z,1301,0
1377654479,1790765399,registered,2007-11-01T15:33:50Z,746497,0
1377654480,1790765399,registered,2020-12-06T23:51:36Z,78426,0
1377654481,1790765399,temporary,,,0
1377654482,1790765400,registered,2020-10-08T18:37:32Z,5693,0
1377654486,1790765402,registered,2008-04-23T18:06:28Z,8837,0
1377654487,1790765401,registered,2020-12-06T23:51:36Z,78426,0
1377654488,1790765402,temporary,,,0
1377654493,1790765403,registered,2020-12-06T23:51:36Z,78426,0
1377654496,1790765406,registered,2026-09-08T09:59:20Z,1588,0
1377654497,1790765405,registered,2020-12-06T23:51:36Z,78426,0
1377654498,1790765407,registered,2026-08-11T08:50:46Z,1740,0
1377654500,1790765408,registered,2025-02-02T11:40:53Z,578,0
1377654501,1790765408,registered,2026-09-21T15:57:47Z,21,0
1377654502,1790765407,registered,2020-12-06T23:51:36Z,78426,0
1377654503,1790765409,registered,2014-07-16T19:01:08Z,16620,0
1377654504,1790765409,registered,2016-01-01T20:40:25Z,281820,0
1377654507,1790765410,registered,2019-07-12T01:27:50Z,42929,0
1377654508,1790765410,registered,2020-12-06T23:51:36Z,78426,0
1377654509,1790765412,registered,2026-08-10T14:26:46Z,75,0
1377654510,1790765412,registered,2023-11-03T22:38:47Z,3611,0
1377654511,1790765412,registered,2020-12-06T23:51:36Z,78426,0
1377654512,1790765414,registered,2008-12-09T08:29:47Z,25727,0
1377654513,1790765415,registered,2019-07-12T01:27:50Z,42929,0
1377654515,1790765415,registered,2020-12-06T23:51:36Z,78426,0
1377654516,1790765413,registered,2022-11-18T13:28:52Z,16138,0
1377654517,1790765417,registered,2015-04-18T21:54:49Z,16173,0
1377654518,1790765417,registered,2013-10-18T11:03:06Z,95942,0
1377654519,1790765417,registered,2026-01-21T17:35:14Z,183,0
1377654521,1790765419,registered,2021-06-26T09:55:02Z,4077,0
1377654522,1790765419,registered,2006-12-11T02:51:41Z,44666,0
1377654523,1790765420,registered,2013-10-23T19:52:08Z,240277,0
1377654524,1790765419,registered,2019-07-12T01:27:50Z,42929,0
1377654525,1790765422,registered,2026-02-07T05:41:01Z,407,0
1377654526,1790765422,registered,2026-09-28T09:29:48Z,99,0
1377654528,1790765423,registered,2023-08-23T22:22:11Z,2368,0
1377654529,1790765423,registered,2019-07-12T01:27:50Z,42929,0
1377654530,1790765426,registered,2016-01-01T20:40:25Z,281820,0
1377654531,1790765428,registered,2009-12-27T11:47:08Z,822402,0
1377654533,1790765431,registered,2014-04-03T06:10:04Z,119058,0
1377654534,1790765431,temporary,,,0
1377654535,1790765433,registered,2025-08-15T23:25:53Z,92,0
1377654540,1790765436,registered,2016-01-01T20:40:25Z,281820,0
1377654541,1790765437,registered,2019-08-07T19:38:42Z,44885,0
1377654543,1790765437,temporary,,,0
1377654544,1790765438,registered,2006-11-05T16:12:02Z,337853,0
1377654545,1790765439,registered,2009-03-04T02:43:36Z,150743,0
1377654548,1790765440,registered,2018-09-08T07:11:36Z,99828,0
1377654549,1790765441,registered,2026-09-28T16:18:45Z,27,0
1377654550,1790765441,registered,2007-03-04T12:01:40Z,59311,0
1377654551,1790765441,registered,2025-12-23T09:08:50Z,37,0
1377654554,1790765443,registered,2016-01-15T17:55:45Z,65832,0
1377654555,1790765443,registered,2008-05-18T11:52:03Z,80772,0
1377654557,1790765444,registered,2009-02-19T13:06:16Z,192676,0
1377654558,1790765444,registered,2023-05-11T00:43:32Z,7924,0
1377654559,1790765445,registered,2002-02-25T15:43:11Z,173660,0
1377654561,1790765447,registered,2025-09-27T08:45:02Z,1640,0
1377654562,1790765446,registered,2026-06-05T14:01:05Z,546,0
1377654563,1790765447,registered,2006-10-27T18:22:40Z,183241,0
1377654565,1790765448,registered,2014-06-28T21:03:27Z,205770,0
1377654566,1790765449,registered,2025-11-17T06:23:56Z,470,0
1377654567,1790765449,registered,2006-09-23T17:41:27Z,679873,0
1377654570,1790765452,registered,2019-03-03T05:29:41Z,6353,0
1377654572,1790765454,registered,2025-06-18T08:44:13Z,373,0
1377654573,1790765453,registered,2022-01-02T20:24:57Z,70446,0
1377654576,1790765454,temporary,,,0
1377654578,1790765455,registered,2010-08-04T12:57:15Z,177,0
1377654579,1790765455,temporary,,,0
1377654581,1790765457,registered,2026-09-30T10:21:34Z,4,0
1377654582,1790765458,temporary,,,1
1377654585,1790765460,temporary,,,0
1377654586,1790765461,registered,2010-10-20T17:01:19Z,6697561,0
1377654588,1790765462,registered,2019-07-12T01:27:50Z,42929,0
1377654590,1790765463,registered,2016-01-15T17:55:45Z,65832,0
1377654591,1790765463,registered,2020-12-06T23:51:36Z,78426,0
1377654593,1790765463,registered,2026-07-17T10:11:03Z,192,0
1377654595,1790765464,registered,2026-04-12T15:50:20Z,99,0
1377654596,1790765465,registered,2026-09-28T22:50:27Z,152,0
1377654599,1790765466,registered,2012-03-17T22:06:44Z,39337,0
1377654600,1790765466,registered,2009-03-04T02:43:36Z,150743,0
1377654601,1790765466,registered,2020-12-06T23:51:36Z,78426,0
1377654602,1790765467,registered,2020-05-16T17:22:18Z,5267,0
1377654605,1790765468,registered,2021-07-07T07:52:02Z,8433,0
1377654606,1790765465,bot,,,0
1377654607,1790765469,registered,2020-12-06T23:51:36Z,78426,0
1377654609,1790765470,registered,2019-07-12T01:27:50Z,42929,0
1377654610,1790765471,registered,2006-02-27T19:28:53Z,639,0
1377654612,1790765472,registered,2017-05-07T18:30:34Z,16631,0
1377654613,1790765471,registered,2020-12-06T23:51:36Z,78426,0
1377654614,1790765473,registered,2019-07-12T01:27:50Z,42929,0
1377654615,1790765473,registered,2014-06-09T00:09:42Z,6960,0
1377654616,1790765474,registered,2018-05-27T00:26:26Z,32673,0
1377654618,1790765474,registered,2020-12-06T23:51:36Z,78426,0
1377654619,1790765475,registered,2007-09-02T20:11:33Z,280261,0
1377654621,1790765476,registered,2024-08-06T16:59:56Z,1252,0
1377654622,1790765477,registered,2007-08-11T18:32:58Z,69252,0
1377654623,1790765477,temporary,,,1
1377654624,1790765474,registered,2022-11-18T13:28:52Z,16138,0
1377654625,1790765478,registered,2009-07-15T07:14:48Z,21242,0
1377654628,1790765479,registered,2006-11-05T16:12:02Z,337853,0
1377654631,1790765481,registered,2013-10-23T19:52:08Z,240277,0
1377654632,1790765483,registered,2014-02-19T05:18:01Z,48016,0
1377654635,1790765483,registered,2020-12-06T23:51:36Z,78426,0
1377654636,1790765485,temporary,,,0
1377654637,1790765485,registered,2022-09-18T12:35:43Z,10656,0
1377654640,1790765484,bot,,,0
1377654641,1790765486,registered,2026-09-07T06:20:09Z,51,1
1377654643,1790765486,registered,2020-12-06T23:51:36Z,78426,0
1377654644,1790765486,temporary,,,0
1377654645,1790765487,registered,2014-06-28T21:03:27Z,205770,0
1377654648,1790765488,registered,2020-12-06T23:51:36Z,78426,0
1377654649,1790765487,registered,2006-10-27T12:30:04Z,7279,0
1377654652,1790765490,registered,2020-12-06T23:51:36Z,78426,0
1377654653,1790765490,registered,2026-03-10T10:19:24Z,103,0
1377654655,1790765490,registered,2015-08-07T17:39:30Z,18343,0
1377654656,1790765490,temporary,,,0
1377654658,1790765491,registered,2005-02-02T01:45:08Z,485,0
1377654660,1790765493,registered,2011-10-24T03:43:46Z,2854,0
1377654662,1790765492,registered,2020-12-06T23:51:36Z,78426,0
1377654663,1790765495,registered,2020-12-06T23:51:36Z,78426,0
1377654666,1790765497,registered,2024-09-15T11:56:52Z,495,0
1377654668,1790765497,registered,2020-12-06T23:51:36Z,78426,0
1377654669,1790765498,registered,2013-10-18T11:03:06Z,95942,0
1377654670,1790765499,registered,2020-12-06T23:51:36Z,78426,0
1377654673,1790765503,registered,2025-09-09T15:21:35Z,1301,0
1377654674,1790765501,registered,2020-12-06T23:51:36Z,78426,0
1377654675,1790765503,registered,2020-12-06T23:51:36Z,78426,0
1377654676,1790765504,registered,2025-03-27T18:18:53Z,6574,0
1377654677,1790765503,registered,2016-01-01T20:40:25Z,281820,0
1377654680,1790765505,registered,2026-09-29T12:33:45Z,12,0
1377654681,1790765505,registered,2012-03-17T22:06:44Z,39337,0
1377654682,1790765506,registered,2026-04-13T09:52:14Z,364,0
1377654683,1790765506,registered,2020-12-06T23:51:36Z,78426,0
1377654687,1790765509,registered,2026-06-17T18:34:26Z,2492,0
1377654688,1790765508,registered,2020-12-06T23:51:36Z,78426,0
1377654689,1790765510,registered,2026-09-30T09:48:12Z,1,0
1377654690,1790765510,registered,2020-12-06T23:51:36Z,78426,0
1377654691,1790765504,registered,2008-07-05T17:32:19Z,58456,0
1377654693,1790765512,registered,2026-09-30T10:21:58Z,2,0
1377654694,1790765512,registered,2020-12-06T23:51:36Z,78426,0
1377654697,1790765513,registered,2026-09-08T09:59:20Z,1588,0
1377654699,1790765514,registered,2010-04-14T19:11:52Z,1228,0
1377654700,1790765513,registered,2020-12-06T23:51:36Z,78426,0
1377654702,1790765516,registered,2023-11-03T22:38:47Z,3611,0
1377654704,1790765518,registered,2013-10-23T19:52:08Z,240277,0
1377654705,1790765519,registered,2023-12-08T06:42:00Z,81,0
1377654706,1790765519,temporary,,,0
1377654707,1790765519,registered,2019-07-12T01:27:50Z,42929,0
1377654709,1790765520,registered,2025-09-26T08:26:16Z,7879,0
1377654712,1790765523,registered,2026-09-30T10:45:02Z,2,1
1377654713,1790765523,registered,2014-02-19T05:18:01Z,48016,0
1377654714,1790765523,temporary,,,1
1377654715,1790765523,registered,2026-01-21T17:35:14Z,183,0
1377654717,1790765525,registered,2014-06-28T21:03:27Z,205770,0
1377654718,1790765525,registered,2010-05-10T14:35:20Z,44934,0
1377654721,1790765526,temporary,,,0
1377654722,1790765528,registered,2018-04-06T05:49:58Z,18565,0
1377654724,1790765529,registered,2022-08-24T07:40:50Z,20248,0
1377654725,1790765529,registered,2019-07-12T01:27:50Z,42929,0
1377654727,1790765530,registered,2013-10-23T19:52:08Z,240277,0
1377654728,1790765530,temporary,,,0
1377654730,1790765530,registered,2011-12-19T15:31:32Z,37126,0
1377654733,1790765533,temporary,,,0
1377654734,1790765533,registered,2003-09-28T04:30:14Z,887996,0
1377654735,1790765533,registered,2026-09-20T14:13:21Z,34,1
1377654736,1790765533,registered,2019-07-12T01:27:50Z,42929,0
1377654737,1790765534,registered,2014-05-15T01:56:34Z,35758,0
1377654740,1790765536,registered,null,17354,0
1377654743,1790765537,registered,2022-08-10T19:24:43Z,9661,0
1377654744,1790765537,registered,2019-07-12T01:27:50Z,42929,0
1377654745,1790765538,registered,2007-12-28T17:34:58Z,6843,0
1377654748,1790765541,registered,2011-12-19T15:31:32Z,37126,0
1377654749,1790765542,temporary,,,0
1377654750,1790765543,registered,2008-08-28T06:01:50Z,120096,0
1377654752,1790765543,registered,2013-05-04T10:56:54Z,14487,0
1377654753,1790765543,registered,2007-12-19T08:44:24Z,3214,0
1377654755,1790765542,registered,2023-05-04T10:53:42Z,18427,0
1377654757,1790765543,registered,2014-09-20T08:41:47Z,44546,0
1377654758,1790765545,registered,2022-08-24T07:40:50Z,20248,0
1377654759,1790765545,registered,2006-09-23T17:41:27Z,679873,0
1377654761,1790765546,registered,2009-12-27T11:47:08Z,822402,0
1377654762,1790765548,temporary,,,1
1377654763,1790765548,registered,2007-08-11T18:32:58Z,69252,0
1377654764,1790765549,registered,2012-11-14T00:46:21Z,25569,0
1377654766,1790765549,registered,2019-07-12T01:27:50Z,42929,0
1377654767,1790765550,registered,2026-03-25T10:57:02Z,1467,0
1377654768,1790765551,registered,2013-10-23T19:52:08Z,240277,0
1377654770,1790765550,registered,2005-12-16T23:00:07Z,28541,0
1377654773,1790765553,registered,2007-11-01T15:33:50Z,746497,0
1377654775,1790765554,temporary,,,0
1377654777,1790765551,registered,2018-05-27T00:26:26Z,32673,0
1377654780,1790765556,registered,2010-05-24T00:35:03Z,24740,0
1377654782,1790765555,registered,2020-03-11T07:56:54Z,13390,0
1377654784,1790765558,registered,2024-01-25T07:31:25Z,5425,0
1377654790,1790765560,temporary,,,0
1377654791,1790765561,registered,2019-03-10T20:54:55Z,732,0
1377654792,1790765558,temporary,,,0
1377654793,1790765561,registered,2019-07-12T01:27:50Z,42929,0
1377654795,1790765562,registered,2019-05-21T18:15:58Z,12030,0
1377654797,1790765562,temporary,,,1
1377654798,1790765562,registered,2024-12-12T15:33:00Z,11,0
1377654800,1790765562,registered,2026-09-26T18:06:19Z,116,1
1377654803,1790765566,registered,2004-12-15T00:24:08Z,25200,0
1377654805,1790765567,registered,2011-02-23T23:54:11Z,145009,0
1377654808,1790765570,registered,2011-12-19T15:31:32Z,37126,0
1377654809,1790765569,registered,2012-03-17T22:06:44Z,39337,0
1377654810,1790765571,registered,2026-09-06T13:18:19Z,179,0
1377654812,1790765572,registered,2026-09-08T09:59:20Z,1588,0
1377654813,1790765572,registered,2009-07-15T07:14:48Z,21242,0
1377654814,1790765573,registered,2019-07-12T01:27:50Z,42929,0
1377654817,1790765574,registered,2013-10-23T19:52:08Z,240277,0
1377654819,1790765576,temporary,,,0
1377654821,1790765577,registered,2026-01-20T00:36:48Z,73,0
1377654824,1790765580,registered,2011-12-19T15:31:32Z,37126,0
1377654825,1790765580,registered,2020-10-09T15:02:52Z,504,0
1377654827,1790765582,registered,2023-06-29T14:31:55Z,2965,0
1377654829,1790765584,temporary,,,0
1377654830,1790765583,temporary,,,1
1377654832,1790765585,registered,2014-05-06T17:43:01Z,29628,0
1377654833,1790765582,registered,2020-03-11T07:56:54Z,13390,0
1377654836,1790765587,registered,2021-06-16T11:34:34Z,16749,0
1377654838,1790765585,registered,2022-11-18T13:28:52Z,16138,0
1377654839,1790765590,registered,2026-09-28T22:50:27Z,152,0
1377654841,1790765591,registered,2004-12-15T23:11:06Z,9497,0
1377654842,1790765592,registered,2007-08-11T18:32:58Z,69252,0
1377654844,1790765594,registered,2022-08-18T16:58:02Z,2163,0
1377654847,1790765595,registered,2026-09-28T16:18:45Z,27,0
1377654849,1790765596,registered,2007-11-01T15:33:50Z,746497,0
1377654854,1790765601,registered,2011-02-23T23:54:11Z,145009,0
1377654858,1790765602,registered,2019-07-12T01:27:50Z,42929,0
1377654860,1790765602,bot,,,0
1377654861,1790765602,registered,2026-05-24T05:12:10Z,282,0
1377654863,1790765603,temporary,,,0
1377654865,1790765604,registered,2022-11-27T01:53:07Z,17,0
1377654866,1790765605,temporary,,,1
1377654867,1790765606,registered,2007-03-08T18:13:29Z,105220,0
1377654869,1790765604,registered,2024-07-16T00:42:25Z,5606,0
1377654870,1790765607,registered,2013-10-18T11:03:06Z,95942,0
1377654871,1790765606,registered,2009-02-19T13:06:16Z,192676,0
1377654872,1790765607,registered,2018-12-02T12:13:11Z,4535,0
1377654875,1790765609,registered,2011-12-19T15:31:32Z,37126,0
1377654877,1790765611,registered,2019-07-12T01:27:50Z,42929,0
1377654878,1790765612,registered,2006-02-27T19:28:53Z,639,0
1377654879,1790765611,temporary,,,0
1377654881,1790765612,temporary,,,0
1377654882,1790765612,temporary,,,0
1377654883,1790765613,registered,2023-03-08T15:22:38Z,3046,0
1377654885,1790765615,registered,2019-05-21T18:15:58Z,12030,0
1377654887,1790765617,registered,2008-08-28T06:01:50Z,120096,0
1377654891,1790765617,registered,2012-09-27T00:18:14Z,11160,0
1377654893,1790765618,registered,2019-07-12T01:27:50Z,42929,0
1377654897,1790765619,registered,2007-05-21T15:30:05Z,275,0
1377654898,1790765619,registered,2011-12-19T15:31:32Z,37126,0
1377654901,1790765622,registered,2025-07-09T06:46:26Z,30113,0
1377654904,1790765623,registered,2025-09-09T15:21:35Z,1301,0
1377654905,1790765623,registered,2006-09-23T17:41:27Z,679873,0
1377654907,1790765620,registered,2009-12-27T11:47:08Z,822402,0
1377654908,1790765624,registered,2007-11-01T15:33:50Z,746497,0
1377654909,1790765624,registered,2019-07-12T01:27:50Z,42929,0
1377654913,1790765625,registered,2010-03-24T16:41:47Z,3000,0
1377654916,1790765626,registered,2026-09-26T18:06:19Z,116,1
1377654917,1790765628,registered,2026-09-30T10:07:50Z,3,1
1377654918,1790765628,registered,2019-07-12T01:27:50Z,42929,0
1377654920,1790765628,registered,2013-10-23T19:52:08Z,240277,0
1377654922,1790765628,registered,2011-12-19T15:31:32Z,37126,0
1377654923,1790765630,registered,2020-05-16T17:22:18Z,5267,0
1377654929,1790765634,registered,2026-09-21T15:57:47Z,21,0
1377654930,1790765634,registered,2025-07-09T06:46:26Z,30113,0
1377654932,1790765634,registered,2026-09-28T16:18:45Z,27,0
1377654933,1790765634,registered,2012-03-17T22:06:44Z,39337,0
1377654937,1790765639,registered,2011-12-19T15:31:32Z,37126,0
1377654940,1790765642,registered,2005-10-28T16:39:06Z,123254,0
1377654941,1790765642,registered,2026-06-05T14:01:05Z,546,0
1377654947,1790765647,registered,2011-10-24T03:43:46Z,2854,0
1377654948,1790765646,registered,2009-02-19T13:06:16Z,192676,0
1377654949,1790765647,registered,2013-10-18T11:03:06Z,95942,0
1377654953,1790765649,registered,2014-06-28T21:03:27Z,205770,0
1377654954,1790765649,registered,2007-08-11T18:32:58Z,69252,0
1377654956,1790765650,temporary,,,1
1377654958,1790765650,registered,2026-09-30T10:02:01Z,11,1
1377654959,1790765652,registered,2004-09-22T20:06:33Z,20119,0
1377654960,1790765652,registered,2026-01-16T11:01:33Z,797,0
1377654961,1790765652,registered,2003-09-28T04:30:14Z,887996,0
1377654962,1790765652,temporary,,,0
1377654967,1790765655,registered,2019-07-12T01:27:50Z,42929,0
1377654969,1790765657,registered,2026-06-20T01:30:11Z,1582,0
1377654971,1790765659,registered,2009-03-04T02:43:36Z,150743,0
1377654972,1790765659,temporary,,,0
1377654973,1790765660,registered,2026-09-28T22:50:27Z,152,0
1377654975,1790765662,registered,2019-07-12T01:27:50Z,42929,0
1377654982,1790765666,registered,2014-06-28T21:03:27Z,205770,0
1377654983,1790765667,registered,2011-12-19T15:31:32Z,37126,0
1377654985,1790765669,registered,2013-10-23T19:52:08Z,240277,0
1377654987,1790765670,registered,2026-04-13T09:52:14Z,364,0
1377654989,1790765670,registered,2024-01-25T07:31:25Z,5425,0
1377654994,1790765677,registered,2007-11-01T15:33:50Z,746497,0
1377654996,1790765677,registered,2012-03-17T22:06:44Z,39337,0
1377654999,1790765676,temporary,,,1
1377655001,1790765679,registered,2023-05-04T18:11:52Z,301,0
1377655002,1790765679,registered,2011-12-19T15:31:32Z,37126,0
1377655003,1790765679,registered,2026-06-05T14:01:05Z,546,0
1377655006,1790765681,registered,2006-01-08T04:25:14Z,225774,0
1377655008,1790765683,registered,2006-11-05T16:12:02Z,337853,0
1377655009,1790765683,registered,2022-08-18T16:58:02Z,2163,0
1377655010,1790765684,registered,2008-08-28T06:01:50Z,120096,0
1377655011,1790765684,registered,2026-01-16T11:01:33Z,797,0
1377655012,1790765684,registered,2026-09-08T09:59:20Z,1588,0
1377655013,1790765684,registered,2022-02-21T22:46:05Z,2742,0
1377655016,1790765686,registered,2006-04-12T01:46:01Z,243956,0
1377655018,1790765687,registered,2007-12-28T17:34:58Z,6843,0
1377655019,1790765686,registered,2017-03-30T13:46:45Z,3056,0
1377655020,1790765688,registered,2011-12-19T15:31:32Z,37126,0
1377655021,1790765688,registered,2024-11-27T08:44:48Z,20,0
1377655024,1790765690,registered,2024-08-30T16:02:50Z,108,0
1377655027,1790765690,registered,2014-06-28T21:03:27Z,205770,0
1377655029,1790765691,registered,2026-08-21T12:41:38Z,71,0
1377655031,1790765692,temporary,,,0
1377655033,1790765692,registered,2022-11-18T13:28:52Z,16138,0
1377655034,1790765695,registered,2021-11-13T23:46:09Z,21171,0
1377655035,1790765695,registered,2026-09-29T12:31:46Z,5,0
1377655037,1790765696,registered,2004-12-15T00:24:08Z,25200,0
1377655038,1790765696,registered,2021-06-26T09:55:02Z,4077,0
1377655040,1790765699,registered,2026-06-17T18:34:26Z,2492,0
1377655041,1790765699,registered,2020-01-08T14:59:29Z,127,0
1377655044,1790765700,registered,2007-11-01T15:33:50Z,746497,0
1377655047,1790765704,registered,2025-09-09T15:21:35Z,1301,0
1377655049,1790765704,registered,2010-03-24T16:41:47Z,3000,0
1377655051,1790765706,registered,2025-08-15T23:25:53Z,92,0
1377655053,1790765707,temporary,,,0
1377655055,1790765707,registered,2023-07-04T15:07:58Z,9002,0
1377655056,1790765708,registered,2006-11-05T16:12:02Z,337853,0
1377655058,1790765709,registered,2024-01-25T07:31:25Z,5425,0
1377655061,1790765710,registered,2025-07-09T06:46:26Z,30113,0
1377655062,1790765710,registered,2026-06-05T14:01:05Z,546,0
1377655066,1790765713,registered,2007-12-23T04:24:28Z,123772,0
1377655067,1790765715,registered,2019-10-04T04:10:56Z,25112,0
1377655068,1790765715,registered,2011-12-19T15:31:32Z,37126,0
1377655070,1790765716,registered,2012-09-27T00:18:14Z,11160,0
1377655074,1790765719,registered,2007-05-30T13:01:52Z,195557,0
1377655075,1790765720,registered,2020-10-08T18:37:32Z,5693,0
1377655077,1790765723,registered,2006-02-27T19:28:53Z,639,0
1377655078,1790765722,temporary,,,0
1377655079,1790765722,temporary,,,0
1377655080,1790765724,registered,2026-09-16T22:49:09Z,1087,0
1377655081,1790765722,temporary,,,0
1377655082,1790765724,registered,2022-04-21T15:34:03Z,1,0
1377655083,1790765724,registered,2026-09-28T22:50:27Z,152,0
1377655085,1790765724,temporary,,,0
1377655086,1790765725,registered,2022-02-21T22:46:05Z,2742,0
1377655087,1790765726,registered,2014-06-28T21:03:27Z,205770,0
1377655089,1790765727,registered,2026-09-08T09:59:20Z,1588,0
1377655092,1790765730,registered,2007-11-01T15:33:50Z,746497,0
1377655093,1790765731,registered,2009-03-04T02:43:36Z,150743,0
1377655094,1790765730,registered,2024-07-16T00:42:25Z,5606,0
1377655096,1790765726,temporary,,,1
1377655098,1790765733,temporary,,,0
1377655100,1790765735,registered,2026-02-11T06:55:31Z,16,0
1377655105,1790765738,registered,2011-12-19T15:31:32Z,37126,0
1377655106,1790765737,registered,2010-03-24T16:41:47Z,3000,0
1377655107,1790765740,registered,2026-09-16T22:49:09Z,1087,0
1377655110,1790765742,registered,2007-09-02T20:11:33Z,280261,0
1377655111,1790765742,registered,2025-12-19T09:55:32Z,18,0
1377655113,1790765744,registered,2026-09-08T09:59:20Z,1588,0
1377655115,1790765746,registered,2017-03-30T13:46:45Z,3056,0
1377655116,1790765747,registered,2006-04-12T01:46:01Z,243956,0
1377655117,1790765747,registered,2013-10-18T11:03:06Z,95942,0
1377655118,1790765746,temporary,,,0
1377655123,1790765749,temporary,,,1
1377655125,1790765750,temporary,,,0
1377655127,1790765752,temporary,,,0
1377655129,1790765753,registered,2006-11-05T16:12:02Z,337853,0
1377655130,1790765753,registered,2006-10-27T18:22:40Z,183241,0
1377655131,1790765753,registered,2008-09-10T10:09:30Z,382,0
1377655134,1790765753,bot,,,0
1377655135,1790765754,registered,2026-09-30T10:45:49Z,3,0
1377655137,1790765756,registered,2007-12-23T04:24:28Z,123772,0
1377655138,1790765758,registered,2024-01-25T07:31:25Z,5425,0
1377655140,1790765758,registered,2006-09-23T17:41:27Z,679873,0
1377655142,1790765760,registered,2012-09-27T00:18:14Z,11160,0
1377655144,1790765760,bot,,,0
1377655146,1790765761,registered,2009-01-13T18:52:26Z,51321,0
1377655148,1790765758,bot,,,0
1377655150,1790765763,registered,2011-12-19T15:31:32Z,37126,0
1377655151,1790765764,registered,2026-02-19T03:36:02Z,861,0
1377655152,1790765763,registered,2012-03-17T22:06:44Z,39337,0
1377655153,1790765765,registered,2026-09-16T22:49:09Z,1087,0
1377655157,1790765768,registered,2024-08-06T16:59:56Z,1252,0
1377655158,1790765765,registered,2026-02-06T03:18:13Z,5343,0
1377655161,1790765772,registered,2023-05-04T18:11:52Z,301,0
1377655163,1790765771,registered,2023-11-02T14:37:29Z,75,0
1377655165,1790765773,registered,2026-09-08T09:59:20Z,1588,0
1377655166,1790765776,registered,2016-01-01T20:40:25Z,281820,0
1377655168,1790765776,registered,2026-09-30T10:47:49Z,1,0
1377655169,1790765777,registered,2007-11-01T15:33:50Z,746497,0
1377655170,1790765779,registered,2011-07-06T10:33:38Z,68515,0
1377655171,1790765779,registered,2005-02-02T01:45:08Z,485,0
1377655173,1790765783,registered,2020-11-30T02:24:57Z,20741,0
1377655175,1790765784,registered,2026-09-28T16:18:45Z,27,0
1377655177,1790765785,registered,2026-09-21T06:46:53Z,46,0
1377655179,1790765787,registered,2026-09-16T22:49:09Z,1087,0
1377655184,1790765788,registered,2018-07-15T11:33:43Z,14686,0
1377655187,1790765791,registered,2023-11-02T14:37:29Z,75,0
1377655189,1790765794,registered,2023-01-06T12:48:28Z,34066,0
1377655191,1790765795,registered,2009-03-04T02:43:36Z,150743,0
1377655193,1790765801,registered,2013-10-18T11:03:06Z,95942,0
1377655194,1790765798,registered,2022-11-18T13:28:52Z,16138,0
1377655200,1790765804,registered,2025-05-18T16:57:15Z,312,1
1377655201,1790765805,registered,2007-05-30T13:01:52Z,195557,0
1377655202,1790765806,temporary,,,0
1377655203,1790765806,registered,2013-11-18T06:00:25Z,45298,0
1377655204,1790765805,temporary,,,0
1377655205,1790765806,registered,2016-08-08T18:20:38Z,5318,0
1377655206,1790765807,registered,2026-09-19T14:11:06Z,435,0
1377655208,1790765808,temporary,,,0
1377655210,1790765809,registered,2006-04-16T19:08:27Z,83407,0
1377655214,1790765810,registered,2010-03-24T16:41:47Z,3000,0
1377655216,1790765810,temporary,,,0
1377655217,1790765813,registered,2014-04-03T06:10:04Z,119058,0
1377655218,1790765813,registered,2004-02-13T15:50:21Z,240030,0
1377655220,1790765817,registered,2026-09-08T09:59:20Z,1588,0
1377655221,1790765816,temporary,,,1
1377655224,1790765819,registered,2026-09-16T22:49:09Z,1087,0
1377655225,1790765820,registered,2006-02-27T19:28:53Z,639,0
1377655228,1790765821,registered,2009-03-24T17:45:24Z,7349,0
1377655229,1790765821,registered,2018-05-31T18:38:09Z,1863,0
1377655232,1790765823,temporary,,,0
1377655233,1790765824,registered,2007-09-02T20:11:33Z,280261,0
1377655241,1790765827,registered,2026-06-05T14:01:05Z,546,0
1377655243,1790765831,registered,2008-08-28T06:01:50Z,120096,0
1377655244,1790765831,registered,2025-09-09T15:21:35Z,1301,0
1377655245,1790765831,temporary,,,1
1377655246,1790765832,registered,2013-10-18T11:03:06Z,95942,0
1377655248,1790765832,registered,2018-09-08T07:11:36Z,99828,0
1377655249,1790765833,temporary,,,1
1377655250,1790765834,temporary,,,0
1377655252,1790765835,temporary,,,1
1377655255,1790765836,registered,2007-05-30T13:01:52Z,195557,0
1377655257,1790765835,registered,2012-03-17T22:06:44Z,39337,0
1377655258,1790765837,registered,2026-09-08T09:59:20Z,1588,0
1377655259,1790765837,registered,2025-03-15T12:06:19Z,1997,0
1377655260,1790765837,registered,2011-10-24T03:43:46Z,2854,0
1377655261,1790765838,registered,2004-02-13T15:50:21Z,240030,0
1377655264,1790765839,temporary,,,0
1377655265,1790765841,registered,2021-12-20T21:49:40Z,26058,1
1377655267,1790765842,registered,2004-05-02T18:48:48Z,210273,0
1377655268,1790765839,registered,2008-12-12T16:21:32Z,111497,0
1377655269,1790765841,registered,2026-09-26T18:06:19Z,116,1
1377655271,1790765844,registered,2012-03-17T00:12:37Z,8254,0
1377655272,1790765844,registered,2011-12-19T15:31:32Z,37126,0
1377655273,1790765844,registered,2007-09-09T15:00:13Z,94524,0
1377655275,1790765845,registered,2026-09-29T12:40:41Z,10,0
1377655276,1790765845,registered,2006-07-13T19:31:08Z,47615,0
1377655277,1790765846,registered,2007-09-02T20:11:33Z,280261,0
1377655278,1790765847,registered,2013-10-23T19:52:08Z,240277,0
1377655280,1790765846,registered,2020-03-11T07:56:54Z,13390,0
1377655281,1790765849,registered,2002-02-25T15:43:11Z,173660,0
1377655283,1790765850,temporary,,,0
1377655285,1790765852,registered,2023-03-08T15:22:38Z,3046,0
1377655286,1790765849,registered,2026-02-06T03:18:13Z,5343,0
1377655287,1790765854,registered,2026-09-08T09:59:20Z,1588,0
1377655289,1790765855,registered,2021-06-26T09:55:02Z,4077,0
1377655290,1790765855,registered,2026-09-28T16:18:45Z,27,0
1377655292,1790765856,registered,2026-09-29T10:31:32Z,11,0
1377655293,1790765857,registered,2014-07-16T19:01:08Z,16620,0
1377655294,1790765858,registered,2011-12-19T15:31:32Z,37126,0
1377655296,1790765858,registered,2025-07-09T06:46:26Z,30113,0
1377655297,1790765859,registered,2004-05-02T18:48:48Z,210273,0
1377655298,1790765861,registered,2014-06-28T21:03:27Z,205770,0
1377655300,1790765861,registered,2006-03-17T18:49:28Z,309,0
1377655301,1790765862,registered,2026-09-30T10:51:01Z,1,0
1377655302,1790765862,registered,2025-06-04T08:44:44Z,350,1
1377655305,1790765863,registered,2006-11-05T04:44:07Z,54908,0
1377655306,1790765862,registered,2022-09-18T12:35:43Z,10656,0
1377655311,1790765868,registered,2007-09-02T20:11:33Z,280261,0
1377655316,1790765870,temporary,,,1
1377655317,1790765870,registered,2008-12-10T16:11:50Z,28560,0
1377655318,1790765871,temporary,,,0
1377655319,1790765871,registered,2015-04-18T21:54:49Z,16173,0
1377655321,1790765872,registered,2006-10-03T14:38:22Z,170990,0
1377655323,1790765873,registered,2025-07-09T06:46:26Z,30113,0
1377655324,1790765873,temporary,,,1
1377655325,1790765874,bot,,,0
1377655326,1790765875,registered,2010-03-24T16:41:47Z,3000,0
1377655329,1790765878,registered,2012-07-15T17:34:25Z,4208,0
1377655330,1790765877,registered,2026-09-30T10:45:49Z,3,0
1377655331,1790765879,registered,2013-10-18T11:03:06Z,95942,0
1377655332,1790765879,registered,2014-04-03T06:10:04Z,119058,0
1377655333,1790765879,registered,2014-03-11T11:34:44Z,119,0
1377655334,1790765881,registered,2026-09-08T09:59:20Z,1588,0
1377655335,1790765882,registered,2011-12-19T15:31:32Z,37126,0
1377655336,1790765883,temporary,,,1
1377655339,1790765886,registered,2009-11-29T10:55:18Z,19227,0
1377655340,1790765885,registered,2010-03-24T16:41:47Z,3000,0
1377655342,1790765886,registered,2006-09-23T17:41:27Z,679873,0
1377655344,1790765888,registered,2026-09-30T10:07:50Z,3,1
1377655345,1790765888,registered,2012-03-17T22:06:44Z,39337,0
1377655346,1790765889,registered,2022-12-11T21:13:23Z,119,0
1377655348,1790765889,registered,2026-09-16T22:49:09Z,1087,0
1377655349,1790765889,registered,2026-06-05T14:01:05Z,546,0
1377655350,1790765891,registered,2005-12-30T19:09:16Z,18120,0
1377655354,1790765894,registered,2008-03-07T23:09:19Z,60341,0
1377655355,1790765895,registered,2011-12-19T15:31:32Z,37126,0
1377655360,1790765898,registered,2014-12-17T03:23:33Z,12633,0
1377655361,1790765898,temporary,,,0
1377655363,1790765900,registered,2026-05-24T05:12:10Z,282,0
1377655364,1790765900,temporary,,,0
1377655365,1790765902,registered,2019-06-29T23:54:13Z,92958,0
1377655366,1790765902,registered,2004-08-23T16:28:44Z,592530,0
1377655367,1790765902,registered,2022-09-01T19:10:57Z,6061,0
1377655368,1790765902,registered,2010-03-24T16:41:47Z,3000,0
1377655369,1790765902,registered,2012-03-17T00:12:37Z,8254,0
1377655371,1790765904,registered,2006-02-27T19:28:53Z,639,0
1377655372,1790765904,registered,2025-06-04T08:44:44Z,350,0
1377655373,1790765904,registered,2011-12-19T15:31:32Z,37126,0
1377655375,1790765906,registered,2018-02-01T17:23:48Z,99947,0
1377655376,1790765906,registered,2003-10-16T13:22:28Z,302495,0
1377655379,1790765907,registered,2014-12-23T23:19:21Z,50620,0
1377655381,1790765908,registered,2025-03-15T12:06:19Z,1997,0
1377655382,1790765909,registered,2006-03-09T10:50:24Z,8126,0
1377655383,1790765909,registered,2020-05-16T17:22:18Z,5267,0
1377655384,1790765909,registered,2022-08-10T19:24:43Z,9661,0
1377655385,1790765914,registered,2024-01-25T07:31:25Z,5425,0
1377655386,1790765914,registered,2004-02-13T15:50:21Z,240030,0
1377655387,1790765914,registered,2017-10-13T09:21:13Z,11827,0
1377655388,1790765915,registered,2020-04-16T15:53:38Z,43023,0
1377655389,1790765917,registered,2017-03-10T21:36:37Z,3088,0
1377655390,1790765916,registered,2026-09-26T18:06:19Z,116,0
1377655391,1790765915,registered,2010-03-24T16:41:47Z,3000,0
1377655392,1790765918,temporary,,,0
1377655393,1790765919,registered,2008-04-23T18:06:28Z,8837,0
1377655394,1790765919,registered,2023-05-11T00:43:32Z,7924,0
1377655395,1790765918,registered,2022-11-18T13:28:52Z,16138,0
1377655397,1790765920,registered,2007-09-02T20:11:33Z,280261,0
1377655399,1790765921,temporary,,,0
1377655400,1790765920,registered,2026-06-05T14:01:05Z,546,0
1377655401,1790765921,registered,2011-12-19T15:31:32Z,37126,0
1377655404,1790765925,registered,2024-09-12T14:37:40Z,10362,0
1377655406,1790765927,registered,2009-03-04T02:43:36Z,150743,0
1377655407,1790765929,registered,2025-09-09T15:21:35Z,1301,0
1377655408,1790765929,temporary,,,0
1377655409,1790765930,registered,2010-01-13T08:33:45Z,3299,0
1377655410,1790765930,registered,2006-08-26T09:54:28Z,8431,0
1377655411,1790765930,temporary,,,0
1377655412,1790765931,registered,2005-03-09T14:20:16Z,436,0
1377655413,1790765931,registered,2013-10-18T11:03:06Z,95942,0
1377655414,1790765932,registered,2011-12-19T15:31:32Z,37126,0
1377655415,1790765932,registered,2012-09-06T10:48:50Z,9141,0
1377655416,1790765933,registered,2003-09-28T04:30:14Z,887996,0
1377655418,1790765935,registered,2012-07-15T17:34:25Z,4208,0
1377655419,1790765935,registered,2026-09-17T20:52:00Z,153,0
1377655420,1790765935,registered,2024-02-21T16:12:51Z,1312,0
1377655421,1790765941,registered,2008-04-23T18:06:28Z,8837,0
1377655422,1790765945,registered,2013-08-16T21:55:57Z,885,0
1377655423,1790765947,registered,2016-01-01T20:40:25Z,281820,0
1377655424,1790765947,temporary,,,0
1377655425,1790765948,registered,2007-02-14T12:02:32Z,75957,0
1377655426,1790765945,registered,2026-03-10T10:19:24Z,103,0
1377655427,1790765948,registered,2004-05-02T18:48:48Z,210273,0
1377655428,1790765949,registered,2013-10-23T19:52:08Z,240277,0
1377655429,1790765950,registered,2015-04-20T14:27:07Z,1972,0
1377655430,1790765949,bot,,,0
1377655431,1790765951,registered,2025-04-05T15:11:13Z,549,0
1377655432,1790765952,registered,2010-01-13T08:33:45Z,3299,0
1377655435,1790765954,registered,2006-09-23T17:41:27Z,679873,0
1377655438,1790765955,registered,2010-03-24T16:41:47Z,3000,0
1377655439,1790765956,registered,2006-07-22T14:45:30Z,3306,0
1377655440,1790765957,temporary,,,0
1377655441,1790765957,registered,2012-03-17T22:06:44Z,39337,0
1377655443,1790765960,registered,2009-03-04T02:43:36Z,150743,0
1377655444,1790765960,registered,2026-06-05T14:01:05Z,546,0
1377655445,1790765961,registered,2022-07-20T06:24:11Z,14749,0
1377655446,1790765963,registered,2026-09-16T22:49:09Z,1087,0
1377655447,1790765964,registered,2022-12-11T21:13:23Z,119,0
1377655448,1790765963,registered,2011-12-19T15:31:32Z,37126,0
1377655449,1790765964,temporary,,,0
1377655451,1790765965,registered,2025-03-15T12:06:19Z,1997,0
1377655453,1790765969,registered,2017-03-10T21:36:37Z,3088,0
1377655454,1790765969,registered,2026-03-16T17:09:30Z,220,1
1377655455,1790765965,bot,,,0
1377655456,1790765968,registered,2014-04-10T03:08:43Z,30695,0
1377655459,1790765973,bot,,,0
1377655464,1790765975,registered,2026-09-06T13:18:19Z,179,0
1377655467,1790765981,registered,2011-07-06T10:33:38Z,68515,0
1377655468,1790765980,registered,2026-06-05T14:01:05Z,546,0
1377655469,1790765982,registered,2014-07-16T19:01:08Z,16620,0
1377655470,1790765981,temporary,,,0
1377655471,1790765981,registered,2011-12-19T15:31:32Z,37126,0
1377655472,1790765982,registered,2026-09-30T10:02:01Z,11,0
1377655473,1790765983,registered,2020-05-16T17:22:18Z,5267,0
1377655474,1790765983,temporary,,,1
1377655476,1790765983,bot,,,0
1377655480,1790765987,bot,,,0
1377655481,1790765988,registered,2026-09-16T22:49:09Z,1087,0
1377655482,1790765989,registered,2006-02-27T19:28:53Z,639,0
1377655484,1790765989,temporary,,,0
1377655489,1790765995,registered,2026-09-19T14:11:06Z,435,0
1377655490,1790765996,registered,2007-05-30T13:01:52Z,195557,0
